account_id,month_start,month_label,month_index,tenure_months,plan_tier,seats_licensed,mrr_usd,arr_usd,term_end_date,days_subscribed,core_events,total_events,active_users,active_days,sessions,feature_areas_used,distinct_features_used,power_feature_events,advanced_feature_events,seat_utilisation,events_per_active_user,top_user_event_share,tickets_opened,high_priority_tickets,avg_csat,last_event_date,prev_core_events,rolling_3m_events,prior_3m_events,is_contiguous,consecutive_zero_usage_months,mom_change_pct,rolling_3m_change_pct,days_to_renewal,account_name,industry,country,employee_band,acquisition_channel,csm_owner,is_managed_account,signup_date,feature_areas_adopted,adoption_breadth_pct,size_segment,lifecycle_segment,engagement_segment,flag_zero_usage,flag_dormant_2m,flag_sharp_mom_decline,flag_sustained_decline,flag_low_seat_utilisation,flag_single_active_user,flag_narrow_adoption,flag_low_frequency,flag_support_pressure,flag_renewal_soon,risk_score,risk_band,risk_reasons
ACC-00056,2026-07-01,2026-07,23,47,enterprise,231,11319.8,135837.6,2026-08-18,31,0,0,0,0,0,0,0,0,0,0.0,,0.0,0,0,,,0,0.3333333333333333,0.0,true,3,,,48,GraniteDynamics 016,Financial Services,United States,1-50,inbound,H. Nowak,true,2022-08-19,0,0.0,Enterprise,Mature,Dormant,true,true,false,false,true,false,true,false,false,true,83,High,no usage for 3 months; renews in 48 days
ACC-00264,2026-02-01,2026-02,18,24,enterprise,178,8347.19,100166.28,2026-02-18,17,0,0,0,0,0,0,0,0,0,0.0,,0.0,0,0,,,0,0.0,0.0,true,19,,,17,CorvusPartners 058,Retail,Canada,51-200,partner,D. Sharma,true,2024-02-19,0,0.0,Enterprise,Mature,Dormant,true,true,false,false,true,false,true,false,false,true,83,High,no usage for 19 months; renews in 17 days
ACC-00274,2026-02-01,2026-02,18,23,enterprise,139,6613.46,79361.52,2026-03-14,28,0,0,0,0,0,0,0,0,0,0.0,,0.0,1,0,1.0,,0,0.0,0.3333333333333333,true,6,,,41,NorthIndustries 221,Education,Germany,51-200,outbound,G. Alvarez,true,2024-03-14,0,0.0,Enterprise,Established,Dormant,true,true,false,false,true,false,true,false,false,true,83,High,no usage for 6 months; renews in 41 days
ACC-00155,2026-04-01,2026-04,20,35,growth,33,714.2,8570.4,2026-04-30,29,0,0,0,0,0,0,0,0,0,0.0,,0.0,1,0,2.0,,0,0.0,0.0,true,21,,,29,HalcyonTechnologies 235,,Canada,51-200,partner,E. Rossi,true,2023-05-01,0,0.0,SMB,Mature,Dormant,true,true,false,false,true,false,true,false,false,true,83,High,no usage for 21 months; renews in 29 days
ACC-00134,2025-02-01,2025-02,6,23,growth,30,670.99,8051.88,2025-03-07,28,0,0,0,0,0,0,0,0,0,0.0,,0.0,0,0,,,0,0.0,0.0,true,7,,,34,OnyxPartners 034,Financial Services,United Kingdom,1-50,inbound,B. Lindqvist,true,2023-03-08,0,0.0,SMB,Established,Dormant,true,true,false,false,true,false,true,false,false,true,83,High,no usage for 7 months; renews in 34 days
ACC-00214,2026-07-01,2026-07,23,34,growth,27,608.07,7296.84,2026-09-18,31,0,0,0,0,0,0,0,0,0,0.0,,0.0,0,0,,,0,0.0,0.0,true,22,,,79,PinnacleIndustries 077,Technology,United States,51-200,partner,B. Lindqvist,true,2023-09-19,0,0.0,SMB,Mature,Dormant,true,true,false,false,true,false,true,false,false,true,83,High,no usage for 22 months; renews in 79 days
ACC-00150,2026-04-01,2026-04,20,36,growth,32,598.96,7187.52,2026-04-25,24,0,0,0,0,0,0,0,0,0,0.0,,0.0,0,0,,,0,0.0,0.0,true,21,,,24,PinnacleTechnologies 055,Financial Services,Australia,1-50,partner,H. Nowak,true,2023-04-26,0,0.0,SMB,Mature,Dormant,true,true,false,false,true,false,true,false,false,true,83,High,no usage for 21 months; renews in 24 days
ACC-00316,2026-07-01,2026-07,23,23,growth,22,488.43,5861.16,2026-08-22,31,0,0,0,0,0,0,0,0,0,0.0,,0.0,0,0,,,0,0.0,0.0,true,23,,,52,CedarAnalytics 467,Non-profit,Germany,1-50,referral,C. Moreau,true,2024-08-22,0,0.0,SMB,Established,Dormant,true,true,false,false,true,false,true,false,false,true,83,High,no usage for 23 months; renews in 52 days
ACC-00483,2026-07-01,2026-07,23,10,growth,19,358.36,4300.32,2026-09-29,31,0,0,0,0,0,0,0,0,0,0.0,,0.0,0,0,,,0,0.0,0.0,true,10,,,90,SummitDynamics 400,Education,United Kingdom,1-50,outbound,B. Lindqvist,true,2025-09-29,0,0.0,SMB,Establishing,Dormant,true,true,false,false,true,false,true,false,false,true,83,High,no usage for 10 months; renews in 90 days
ACC-00210,2026-07-01,2026-07,23,34,starter,13,139.37,1672.44,2026-09-07,31,0,0,0,0,0,0,0,0,0,0.0,,0.0,1,0,,,0,0.0,0.0,true,24,,,68,RiverstoneIndustries 197,Technology,United States,201-1000,self_serve,H. Nowak,true,2023-09-08,0,0.0,Self-Serve,Mature,Dormant,true,true,false,false,true,false,true,false,false,true,83,High,no usage for 24 months; renews in 68 days
ACC-00291,2026-04-01,2026-04,20,24,starter,6,71.65,859.8,2026-04-20,19,0,0,0,0,0,0,0,0,0,0.0,,0.0,0,0,,,0,0.0,0.0,true,21,,,19,SummitSolutions 246,Professional Services,United Kingdom,51-200,self_serve,C. Moreau,true,2024-04-20,0,0.0,Self-Serve,Mature,Dormant,true,true,false,false,true,false,true,false,false,true,83,High,no usage for 21 months; renews in 19 days
ACC-00445,2026-07-01,2026-07,23,15,enterprise,233,10701.68,128420.16,2027-04-25,31,0,0,0,0,0,0,0,0,0,0.0,,0.0,1,0,,,0,0.0,0.0,true,15,,,298,SummitCollective 312,Financial Services,Germany,51-200,inbound,D. Sharma,true,2025-04-25,0,0.0,Enterprise,Established,Dormant,true,true,false,false,true,false,true,false,false,false,73,High,no usage for 15 months
ACC-00226,2026-07-01,2026-07,23,33,enterprise,192,8961.93,107543.16,2026-10-19,31,0,0,0,0,0,0,0,0,0,0.0,,0.0,1,0,,,1,0.3333333333333333,0.0,true,2,,,110,HarborTechnologies 271,Financial Services,India,201-1000,inbound,A. Okafor,true,2023-10-20,0,0.0,Enterprise,Mature,Dormant,true,true,false,false,true,false,true,false,false,false,73,High,no usage for 2 months
ACC-00390,2026-07-01,2026-07,23,18,enterprise,165,7178.38,86140.56,2027-01-19,31,0,0,0,0,0,0,0,0,0,0.0,,0.0,0,0,,,0,0.0,0.0,true,18,,,202,OnyxGroup 452,Technology,United States,1-50,self_serve,B. Lindqvist,true,2025-01-19,0,0.0,Enterprise,Established,Dormant,true,true,false,false,true,false,true,false,false,false,73,High,no usage for 18 months
ACC-00258,2026-07-01,2026-07,23,29,enterprise,136,6081.95,72983.4,2027-02-07,31,0,0,0,0,0,0,0,0,0,0.0,,0.0,0,0,,,0,0.0,0.0,true,24,,,221,CorvusCollective 168,,United States,1-50,outbound,B. Lindqvist,true,2024-02-08,0,0.0,Enterprise,Mature,Dormant,true,true,false,false,true,false,true,false,false,false,73,High,no usage for 24 months
ACC-00084,2026-07-01,2026-07,23,45,enterprise,105,4499.53,53994.36,2026-10-27,31,0,0,0,0,0,0,0,0,0,0.0,,0.0,1,0,,,0,0.0,0.0,true,24,,,118,KestrelHoldings 110,Technology,United States,1-50,partner,F. Tanaka,true,2022-10-28,0,0.0,Enterprise,Mature,Dormant,true,true,false,false,true,false,true,false,false,false,73,High,no usage for 24 months
ACC-00394,2026-07-01,2026-07,23,18,business,131,4055.92,48671.04,2027-01-23,31,0,0,0,0,0,0,0,0,0,0.0,,0.0,2,1,,,0,0.0,0.0,true,18,,,206,HalcyonWorks 477,Non-profit,United Kingdom,1-50,inbound,E. Rossi,true,2025-01-23,0,0.0,Mid-Market,Established,Dormant,true,true,false,false,true,false,true,false,false,false,73,High,no usage for 18 months
ACC-00270,2026-07-01,2026-07,23,28,business,115,3885.57,46626.84,2027-03-03,31,0,0,0,0,0,0,0,0,0,0.0,,0.0,0,0,,,0,0.0,0.0,true,24,,,245,OnyxDynamics 100,Manufacturing,United States,201-1000,outbound,G. Alvarez,true,2024-03-03,0,0.0,Mid-Market,Mature,Dormant,true,true,false,false,true,false,true,false,false,false,73,High,no usage for 24 months
ACC-00285,2026-07-01,2026-07,23,27,business,103,3487.66,41851.92,2027-04-13,31,0,0,0,0,0,0,0,0,0,0.0,,0.0,1,0,,,0,0.0,0.0,true,12,,,286,PinnacleWorks 033,Retail,United Kingdom,1-50,outbound,C. Moreau,true,2024-04-13,0,0.0,Mid-Market,Mature,Dormant,true,true,false,false,true,false,true,false,false,false,73,High,no usage for 12 months
ACC-00447,2026-07-01,2026-07,23,15,business,77,2425.73,29108.76,2027-04-28,31,0,0,0,0,0,0,0,0,0,0.0,,0.0,0,0,,,0,0.0,0.0,true,15,,,301,IronIndustries 377,Manufacturing,United Kingdom,51-200,outbound,A. Okafor,true,2025-04-28,0,0.0,Mid-Market,Established,Dormant,true,true,false,false,true,false,true,false,false,false,73,High,no usage for 15 months
ACC-00136,2026-07-01,2026-07,23,40,business,55,1705.23,20462.76,2027-03-08,31,0,0,0,0,0,0,0,0,0,0.0,,0.0,1,0,,,0,0.0,0.0,true,24,,,250,KestrelCollective 132,Professional Services,Australia,201-1000,self_serve,A. Okafor,true,2023-03-09,0,0.0,Mid-Market,Mature,Dormant,true,true,false,false,true,false,true,false,false,false,73,High,no usage for 24 months
ACC-00374,2026-07-01,2026-07,23,19,growth,54,1215.55,14586.6,2026-12-03,31,0,0,0,0,0,0,0,0,0,0.0,,0.0,1,0,,,0,0.0,0.0,true,20,,,155,OnyxPartners 430,Professional Services,United States,1-50,outbound,A. Okafor,true,2024-12-03,0,0.0,SMB,Established,Dormant,true,true,false,false,true,false,true,false,false,false,73,High,no usage for 20 months
ACC-00451,2026-07-01,2026-07,23,14,growth,59,1109.6,13315.2,2027-05-06,31,0,0,0,0,0,0,0,0,0,0.0,,0.0,0,0,,,0,0.0,0.0,true,15,,,309,CorvusPartners 322,Professional Services,United States,1-50,outbound,H. Nowak,true,2025-05-06,0,0.0,SMB,Established,Dormant,true,true,false,false,true,false,true,false,false,false,73,High,no usage for 15 months
ACC-00268,2026-07-01,2026-07,23,28,growth,47,1023.95,12287.4,2027-03-02,31,0,0,0,0,0,0,0,0,0,0.0,,0.0,0,0,,,0,0.0,0.0,true,24,,,244,EmberlySolutions 306,Technology,United Kingdom,51-200,inbound,D. Sharma,true,2024-03-02,0,0.0,SMB,Mature,Dormant,true,true,false,false,true,false,true,false,false,false,73,High,no usage for 24 months
ACC-00377,2026-07-01,2026-07,23,19,growth,49,1021.72,12260.64,2026-12-07,31,0,0,0,0,0,0,0,0,0,0.0,,0.0,0,0,,,0,0.0,0.3333333333333333,true,6,,,159,CorvusDynamics 388,Technology,United Kingdom,51-200,self_serve,G. Alvarez,true,2024-12-07,0,0.0,SMB,Established,Dormant,true,true,false,false,true,false,true,false,false,false,73,High,no usage for 6 months
ACC-00401,2026-07-01,2026-07,23,17,growth,47,939.99,11279.88,2027-02-06,31,0,0,0,0,0,0,0,0,0,0.0,,0.0,1,0,,,0,0.0,0.0,true,18,,,220,BlueHoldings 398,Healthcare,Germany,1-50,inbound,C. Moreau,true,2025-02-06,0,0.0,SMB,Established,Dormant,true,true,false,false,true,false,true,false,false,false,73,High,no usage for 18 months
ACC-00385,2026-07-01,2026-07,23,18,growth,26,539.59,6475.08,2027-01-02,31,0,0,0,0,0,0,0,0,0,0.0,,0.0,0,0,,,0,0.0,0.0,true,19,,,185,QuartzLabs 361,Education,United States,51-200,inbound,G. Alvarez,true,2025-01-02,0,0.0,SMB,Established,Dormant,true,true,false,false,true,false,true,false,false,false,73,High,no usage for 19 months
ACC-00034,2026-07-01,2026-07,23,49,growth,14,319.38,3832.56,2027-06-23,31,0,0,0,0,0,0,0,0,0,0.0,,0.0,0,0,,,0,0.0,0.0,true,24,,,357,PinnacleWorks 297,Technology,United Kingdom,51-200,self_serve,D. Sharma,true,2022-06-24,0,0.0,SMB,Mature,Dormant,true,true,false,false,true,false,true,false,false,false,73,High,no usage for 24 months
ACC-00030,2026-07-01,2026-07,23,49,starter,26,306.09,3673.08,2027-06-17,31,0,0,0,0,0,0,0,0,0,0.0,,0.0,1,1,,,0,0.0,0.0,true,24,,,351,OnyxDynamics 232,Education,United States,1-50,partner,B. Lindqvist,true,2022-06-18,0,0.0,Self-Serve,Mature,Dormant,true,true,false,false,true,false,true,false,false,false,73,High,no usage for 24 months
ACC-00079,2026-07-01,2026-07,23,45,starter,15,173.11,2077.32,2026-10-13,31,0,1,0,0,1,0,0,0,0,0.0,,0.0,1,0,,2026-07-10,0,0.0,0.6666666666666666,true,4,,,104,CedarWorks 225,Education,Australia,1000+,self_serve,E. Rossi,true,2022-10-14,0,0.0,Self-Serve,Mature,Dormant,true,true,false,false,true,false,true,false,false,false,73,High,no usage for 4 months
ACC-00238,2026-07-01,2026-07,23,32,starter,16,163.57,1962.84,2026-11-15,31,0,0,0,0,0,0,0,0,0,0.0,,0.0,0,0,,,0,0.0,0.0,true,24,,,137,PinnacleIndustries 209,Technology,United States,201-1000,referral,B. Lindqvist,true,2023-11-16,0,0.0,Self-Serve,Mature,Dormant,true,true,false,false,true,false,true,false,false,false,73,High,no usage for 24 months
ACC-00304,2026-07-01,2026-07,23,25,starter,13,144.04,1728.48,2027-06-06,31,0,0,0,0,0,0,0,0,0,0.0,,0.0,1,0,,,0,0.0,0.0,true,22,,,340,VertexSolutions 138,Retail,Australia,1-50,referral,C. Moreau,true,2024-06-06,0,0.0,Self-Serve,Mature,Dormant,true,true,false,false,true,false,true,false,false,false,73,High,no usage for 22 months
ACC-00432,2026-07-01,2026-07,23,16,starter,13,141.18,1694.16,2027-03-31,31,0,0,0,0,0,0,0,0,0,0.0,,0.0,0,0,,,0,0.0,0.0,true,16,,,273,HalcyonTechnologies 499,Retail,United States,1000+,referral,E. Rossi,true,2025-03-31,0,0.0,Self-Serve,Established,Dormant,true,true,false,false,true,false,true,false,false,false,73,High,no usage for 16 months
ACC-00132,2026-07-01,2026-07,23,40,starter,11,119.84,1438.08,2027-03-05,31,0,0,0,0,0,0,0,0,0,0.0,,0.0,1,0,,,0,0.0,0.0,true,24,,,247,SummitHoldings 158,Technology,United States,1-50,referral,D. Sharma,true,2023-03-06,0,0.0,Self-Serve,Mature,Dormant,true,true,false,false,true,false,true,false,false,false,73,High,no usage for 24 months
ACC-00399,2026-07-01,2026-07,23,17,starter,11,116.48,1397.76,2027-02-01,31,0,0,0,0,0,0,0,0,0,0.0,,0.0,0,0,,,0,0.0,0.0,true,18,,,215,HarborAnalytics 359,Technology,United Kingdom,1000+,referral,H. Nowak,true,2025-02-01,0,0.0,Self-Serve,Established,Dormant,true,true,false,false,true,false,true,false,false,false,73,High,no usage for 18 months
ACC-00337,2026-07-01,2026-07,23,21,starter,10,103.21,1238.52,2026-10-10,31,0,0,0,0,0,0,0,0,0,0.0,,0.0,0,0,,,0,0.0,0.0,true,22,,,101,IronAnalytics 443,Professional Services,United States,1-50,partner,A. Okafor,true,2024-10-10,0,0.0,Self-Serve,Established,Dormant,true,true,false,false,true,false,true,false,false,false,73,High,no usage for 22 months
ACC-00364,2026-07-01,2026-07,23,20,starter,7,86.1,1033.2,2026-11-22,31,0,0,0,0,0,0,0,0,0,0.0,,0.0,0,0,,,0,0.0,0.0,true,11,,,144,BlueCollective 420,Healthcare,India,1-50,partner,E. Rossi,true,2024-11-22,0,0.0,Self-Serve,Established,Dormant,true,true,false,false,true,false,true,false,false,false,73,High,no usage for 11 months
ACC-00344,2026-07-01,2026-07,23,21,starter,5,62.83,753.96,2026-10-19,31,0,0,0,0,0,0,0,0,0,0.0,,0.0,0,0,,,0,0.0,0.0,true,21,,,110,LumenSolutions 426,Technology,United States,51-200,partner,B. Lindqvist,true,2024-10-19,0,0.0,Self-Serve,Established,Dormant,true,true,false,false,true,false,true,false,false,false,73,High,no usage for 21 months
ACC-00295,2026-04-01,2026-04,20,24,starter,16,194.93,2339.16,2026-04-27,26,2,2,2,2,2,1,2,0,1,0.125,1.0,0.5,0,0,,2026-04-06,5,6.333333333333333,27.666666666666668,true,0,,-0.7711,26,IronWorks 069,Manufacturing,United States,1-50,partner,B. Lindqvist,true,2024-04-27,1,0.167,Self-Serve,Mature,Minimal,false,false,false,true,true,false,true,true,false,true,63,High,sustained decline -77.0%; only 13.0% of seats active; uses 1 of 6 feature areas; active on only 2 days; renews in 26 days
ACC-00125,2025-02-01,2025-02,6,24,enterprise,120,5464.18,65570.16,2025-02-18,17,203,244,58,17,223,4,11,11,28,0.4833,3.5,0.0887,0,0,,2025-02-17,420,353.6666666666667,793.0,true,0,-0.5167,-0.554,17,SolsticeWorks 129,Non-profit,United States,201-1000,inbound,F. Tanaka,true,2023-02-19,4,0.667,Enterprise,Mature,Engaged,false,false,true,true,false,false,false,false,false,true,55,Medium,sustained decline -55.0%; MoM drop -52.0%; renews in 17 days
ACC-00038,2026-07-01,2026-07,23,48,growth,28,548.37,6580.44,2027-07-08,31,19,42,3,13,36,2,5,0,4,0.1071,6.33,0.6842,0,0,,2026-07-31,36,28.333333333333332,48.333333333333336,true,0,-0.4722,-0.4138,372,CobaltCollective 084,Retail,United States,51-200,inbound,E. Rossi,true,2022-07-09,2,0.333,SMB,Mature,Engaged,false,false,true,true,true,false,false,false,false,false,55,Medium,sustained decline -41.0%; MoM drop -47.0%; only 11.0% of seats active
ACC-00207,2026-07-01,2026-07,23,35,starter,21,224.78,2697.36,2026-08-28,31,16,27,7,14,27,2,3,5,0,0.3333,2.29,0.25,0,0,,2026-07-31,33,24.666666666666668,40.333333333333336,true,0,-0.5152,-0.3884,58,KestrelGroup 044,Professional Services,United States,1000+,outbound,E. Rossi,true,2023-08-29,2,0.333,Self-Serve,Mature,Engaged,false,false,true,true,false,false,false,false,false,true,55,Medium,sustained decline -39.0%; MoM drop -52.0%; renews in 58 days
ACC-00052,2026-07-01,2026-07,23,47,starter,15,162.54,1950.48,2026-08-11,31,12,30,6,10,29,2,4,0,3,0.4,2.0,0.25,2,0,5.0,2026-07-31,23,20.666666666666668,32.666666666666664,true,0,-0.4783,-0.3673,41,SolsticeWorks 261,Education,United States,1000+,outbound,A. Okafor,true,2022-08-12,2,0.333,Self-Serve,Mature,Engaged,false,false,true,true,false,false,false,false,false,true,55,Medium,sustained decline -37.0%; MoM drop -48.0%; renews in 41 days
ACC-00081,2024-10-01,2024-10,2,24,starter,13,138.04,1656.48,2024-10-16,15,11,25,1,9,23,3,6,1,7,0.0769,11.0,1.0,0,0,,2024-10-15,21,13.0,,true,0,-0.4762,,15,HalcyonSystems 015,Education,United States,51-200,self_serve,F. Tanaka,true,2022-10-17,3,0.5,Self-Serve,Mature,Engaged,false,false,true,false,true,true,false,false,false,true,50,Medium,MoM drop -48.0%; usage concentrated in one user; only 8.0% of seats active; renews in 15 days
ACC-00064,2026-07-01,2026-07,23,47,business,88,2552.72,30632.64,2026-08-28,31,1,1,1,1,1,1,1,1,0,0.0114,1.0,1.0,0,0,,2026-07-06,0,0.3333333333333333,0.0,true,0,,,58,BlueHoldings 002,Healthcare,United States,1-50,partner,G. Alvarez,true,2022-08-29,1,0.167,Mid-Market,Mature,Minimal,false,false,false,false,true,true,true,true,false,true,48,Medium,usage concentrated in one user; only 1.0% of seats active; uses 1 of 6 feature areas; active on only 1 days; renews in 58 days
ACC-00037,2026-06-01,2026-06,22,47,enterprise,207,8774.75,105297.0,2026-07-08,30,85,145,33,24,140,3,9,3,24,0.1594,2.58,0.1647,1,0,,2026-06-30,92,91.33333333333333,124.33333333333333,true,0,-0.0761,-0.2654,37,BlueSolutions 090,Manufacturing,United States,51-200,self_serve,A. Okafor,true,2022-07-09,3,0.5,Enterprise,Mature,Engaged,false,false,false,true,true,false,false,false,false,true,45,Medium,sustained decline -27.0%; only 16.0% of seats active; renews in 37 days
ACC-00319,2026-07-01,2026-07,23,23,business,85,3013.74,36164.88,2026-08-24,31,18,23,14,12,23,2,4,0,5,0.1647,1.29,0.1667,3,0,,2026-07-30,17,17.0,26.0,true,0,,-0.3462,54,IronWorks 333,Technology,Canada,201-1000,self_serve,D. Sharma,true,2024-08-24,2,0.333,Mid-Market,Established,Engaged,false,false,false,true,true,false,false,false,false,true,45,Medium,sustained decline -35.0%; only 16.0% of seats active; renews in 54 days
ACC-00067,2026-07-01,2026-07,23,46,business,75,2619.47,31433.64,2026-09-05,31,19,40,6,15,38,3,6,5,3,0.08,3.17,0.3684,0,0,,2026-07-30,28,26.666666666666668,41.0,true,0,-0.3214,-0.3496,66,CobaltGroup 128,Healthcare,United Kingdom,51-200,referral,G. Alvarez,true,2022-09-06,3,0.5,Mid-Market,Mature,Engaged,false,false,false,true,true,false,false,false,false,true,45,Medium,sustained decline -35.0%; only 8.0% of seats active; renews in 66 days
ACC-00360,2026-07-01,2026-07,23,20,business,85,2508.63,30103.56,2026-11-06,31,42,59,26,20,59,5,13,9,11,0.3059,1.62,0.1667,1,0,5.0,2026-07-31,86,68.0,102.0,true,0,-0.5116,-0.3333,128,IronTechnologies 487,Education,United States,51-200,outbound,H. Nowak,true,2024-11-06,5,0.833,Mid-Market,Established,Engaged,false,false,true,true,false,false,false,false,false,false,45,Medium,sustained decline -33.0%; MoM drop -51.0%
ACC-00211,2026-07-01,2026-07,23,34,business,74,2456.92,29483.04,2026-09-11,31,245,316,22,28,173,3,7,26,47,0.2973,11.14,0.649,1,0,,2026-07-31,331,307.0,489.0,true,0,-0.2598,-0.3722,72,NorthTechnologies 199,Retail,Germany,1000+,self_serve,B. Lindqvist,true,2023-09-12,3,0.5,Mid-Market,Mature,Engaged,false,false,false,true,true,false,false,false,false,true,45,Medium,sustained decline -37.0%; only 30.0% of seats active; renews in 72 days
ACC-00208,2026-07-01,2026-07,23,34,growth,41,940.24,11282.88,2026-09-03,31,23,35,12,16,35,2,4,0,6,0.2927,1.92,0.2174,0,0,,2026-07-31,8,14.0,79.33333333333333,true,0,,-0.8235,64,HarborTechnologies 139,Retail,Australia,51-200,inbound,C. Moreau,true,2023-09-04,2,0.333,SMB,Mature,Engaged,false,false,false,true,true,false,false,false,false,true,45,Medium,sustained decline -82.0%; only 29.0% of seats active; renews in 64 days
ACC-00306,2026-07-01,2026-07,23,25,growth,43,835.82,10029.84,2027-06-13,31,67,105,18,24,93,3,6,9,16,0.4186,3.72,0.2985,1,0,,2026-07-31,112,101.66666666666667,138.0,true,0,-0.4018,-0.2633,347,GraniteHoldings 170,Healthcare,Germany,51-200,self_serve,C. Moreau,true,2024-06-13,3,0.5,SMB,Mature,Engaged,false,false,true,true,false,false,false,false,false,false,45,Medium,sustained decline -26.0%; MoM drop -40.0%
ACC-00362,2026-07-01,2026-07,23,20,growth,42,813.11,9757.32,2026-11-17,31,76,102,20,29,95,2,4,0,7,0.4762,3.8,0.1974,0,0,,2026-07-31,132,101.33333333333333,158.0,true,0,-0.4242,-0.3586,139,HarborAnalytics 491,Technology,Germany,51-200,partner,B. Lindqvist,true,2024-11-17,2,0.333,SMB,Established,Engaged,false,false,true,true,false,false,false,false,false,false,45,Medium,sustained decline -36.0%; MoM drop -42.0%
ACC-00317,2026-07-01,2026-07,23,23,growth,37,802.77,9633.24,2026-08-22,31,26,46,10,16,41,3,7,4,12,0.2703,2.6,0.3462,1,0,,2026-07-31,36,36.0,81.66666666666667,true,0,-0.2778,-0.5592,52,GraniteCollective 324,Education,United States,1-50,referral,G. Alvarez,true,2024-08-22,3,0.5,SMB,Established,Engaged,false,false,false,true,true,false,false,false,false,true,45,Medium,sustained decline -56.0%; only 27.0% of seats active; renews in 52 days
ACC-00313,2026-07-01,2026-07,23,23,growth,34,653.31,7839.72,2026-08-13,31,28,67,5,15,59,2,5,0,4,0.1471,5.6,0.5714,0,0,,2026-07-31,35,31.333333333333332,71.0,true,0,-0.2,-0.5587,43,WillowSystems 435,Manufacturing,United States,201-1000,inbound,D. Sharma,true,2024-08-13,2,0.333,SMB,Established,Engaged,false,false,false,true,true,false,false,false,false,true,45,Medium,sustained decline -56.0%; only 15.0% of seats active; renews in 43 days
ACC-00489,2026-07-01,2026-07,23,9,growth,30,643.34,7720.08,2026-10-22,31,42,72,14,23,68,2,4,16,3,0.4667,3.0,0.5,0,0,,2026-07-31,76,68.33333333333333,101.33333333333333,true,0,-0.4474,-0.3257,113,HarborWorks 381,Technology,United Kingdom,51-200,inbound,E. Rossi,true,2025-10-22,2,0.333,SMB,Establishing,Engaged,false,false,true,true,false,false,false,false,false,false,45,Medium,sustained decline -33.0%; MoM drop -45.0%
ACC-00472,2026-07-01,2026-07,23,11,growth,25,523.44,6281.28,2026-08-11,31,8,16,7,8,16,2,3,3,0,0.28,1.14,0.25,1,0,,2026-07-31,8,8.333333333333334,37.0,true,0,,-0.7748,41,NorthIndustries 485,Technology,United States,1-50,self_serve,A. Okafor,true,2025-08-11,2,0.333,SMB,Establishing,Engaged,false,false,false,true,true,false,false,false,false,true,45,Medium,sustained decline -77.0%; only 28.0% of seats active; renews in 41 days
ACC-00009,2026-07-01,2026-07,23,52,growth,21,395.31,4743.72,2027-03-18,31,54,100,9,18,84,3,7,9,13,0.4286,6.0,0.3889,0,0,,2026-07-31,101,86.0,129.66666666666666,true,0,-0.4653,-0.3368,260,BlueGroup 200,Education,United States,51-200,self_serve,H. Nowak,true,2022-03-19,3,0.5,SMB,Mature,Engaged,false,false,true,true,false,false,false,false,false,false,45,Medium,sustained decline -34.0%; MoM drop -47.0%
ACC-00231,2026-07-01,2026-07,23,32,growth,30,676.89,8122.68,2026-11-03,31,9,20,5,8,20,1,2,0,2,0.1667,1.8,0.5556,0,0,,2026-07-30,9,7.333333333333333,23.0,true,0,,-0.6812,125,NorthSystems 111,Retail,United States,51-200,self_serve,B. Lindqvist,true,2023-11-04,1,0.167,SMB,Mature,Engaged,false,false,false,true,true,false,true,false,false,false,43,Medium,sustained decline -68.0%; only 17.0% of seats active; uses 1 of 6 feature areas
ACC-00118,2026-01-01,2026-01,17,36,starter,12,127.66,1531.92,2026-01-20,19,16,32,4,10,26,3,6,2,4,0.3333,4.0,0.8125,0,0,,2026-01-19,34,26.333333333333332,34.666666666666664,true,0,-0.5294,-0.2404,19,WillowLabs 193,Professional Services,India,51-200,partner,C. Moreau,true,2023-01-21,3,0.5,Self-Serve,Mature,Engaged,false,false,true,false,false,true,false,false,false,true,40,Medium,MoM drop -53.0%; usage concentrated in one user; renews in 19 days
ACC-00075,2026-07-01,2026-07,23,46,starter,12,125.37,1504.44,2026-09-24,31,13,25,3,12,25,4,4,1,3,0.25,4.33,0.5385,0,0,,2026-07-31,23,14.333333333333334,13.333333333333334,true,0,-0.4348,,85,HalcyonAnalytics 059,Technology,Canada,201-1000,inbound,B. Lindqvist,true,2022-09-25,4,0.667,Self-Serve,Mature,Engaged,false,false,true,false,true,false,false,false,false,true,40,Medium,MoM drop -43.0%; only 25.0% of seats active; renews in 85 days
ACC-00137,2026-07-01,2026-07,23,40,growth,12,258.83,3105.96,2027-03-14,31,1,8,1,1,8,1,1,1,0,0.0833,1.0,1.0,0,0,,2026-07-23,2,2.0,4.333333333333333,true,0,,,256,MeridianWorks 057,Professional Services,United States,201-1000,self_serve,C. Moreau,true,2023-03-15,1,0.167,SMB,Mature,Minimal,false,false,false,false,true,true,true,true,false,false,38,Medium,usage concentrated in one user; only 8.0% of seats active; uses 1 of 6 feature areas; active on only 1 days
ACC-00265,2026-07-01,2026-07,23,29,starter,19,213.3,2559.6,2027-02-20,31,1,1,1,1,1,1,1,1,0,0.0526,1.0,1.0,1,0,,2026-07-16,1,1.3333333333333333,0.0,true,0,,,234,VertexHoldings 182,,United States,1-50,referral,C. Moreau,true,2024-02-21,1,0.167,Self-Serve,Mature,Minimal,false,false,false,false,true,true,true,true,false,false,38,Medium,usage concentrated in one user; only 5.0% of seats active; uses 1 of 6 feature areas; active on only 1 days
ACC-00101,2026-07-01,2026-07,23,43,starter,14,168.98,2027.76,2026-12-01,31,1,11,1,1,11,1,1,1,0,0.0714,1.0,1.0,0,0,,2026-07-29,3,3.0,6.666666666666667,true,0,,,153,EmberlyCollective 108,Retail,United States,1-50,outbound,D. Sharma,true,2022-12-02,1,0.167,Self-Serve,Mature,Minimal,false,false,false,false,true,true,true,true,false,false,38,Medium,usage concentrated in one user; only 7.0% of seats active; uses 1 of 6 feature areas; active on only 1 days
ACC-00497,2026-07-01,2026-07,23,7,starter,7,82.49,989.88,2026-12-13,31,1,1,1,1,1,1,1,0,0,0.1429,1.0,1.0,0,0,,2026-07-29,1,0.6666666666666666,13.666666666666666,true,0,,,165,KestrelSolutions 330,Healthcare,Germany,51-200,self_serve,C. Moreau,true,2025-12-13,1,0.167,Self-Serve,Establishing,Minimal,false,false,false,false,true,true,true,true,false,false,38,Medium,usage concentrated in one user; only 14.0% of seats active; uses 1 of 6 feature areas; active on only 1 days
ACC-00368,2026-07-01,2026-07,23,20,starter,6,68.41,820.92,2026-11-26,31,1,1,1,1,1,1,1,0,0,0.1667,1.0,1.0,0,0,,2026-07-29,0,1.0,1.6666666666666667,true,0,,,148,AsterDynamics 472,Professional Services,United Kingdom,51-200,self_serve,C. Moreau,true,2024-11-26,1,0.167,Self-Serve,Established,Minimal,false,false,false,false,true,true,true,true,false,false,38,Medium,usage concentrated in one user; only 17.0% of seats active; uses 1 of 6 feature areas; active on only 1 days
ACC-00234,2026-07-01,2026-07,23,32,starter,5,55.28,663.36,2026-11-05,31,1,1,1,1,1,1,1,0,0,0.2,1.0,1.0,2,0,5.0,2026-07-17,2,2.0,2.6666666666666665,true,0,,,127,WillowIndustries 281,Non-profit,Canada,51-200,outbound,B. Lindqvist,true,2023-11-06,1,0.167,Self-Serve,Mature,Minimal,false,false,false,false,true,true,true,true,false,false,38,Medium,usage concentrated in one user; only 20.0% of seats active; uses 1 of 6 feature areas; active on only 1 days
ACC-00192,2026-07-01,2026-07,23,36,enterprise,197,9870.34,118444.08,2027-07-06,31,65,106,30,23,92,5,14,9,21,0.1523,2.17,0.3692,0,0,,2026-07-31,74,91.0,153.66666666666666,true,0,-0.1216,-0.4078,370,VertexGroup 248,Manufacturing,United States,1000+,partner,D. Sharma,true,2023-07-07,5,0.833,Enterprise,Mature,Engaged,false,false,false,true,true,false,false,false,false,false,35,Medium,sustained decline -41.0%; only 15.0% of seats active
ACC-00041,2026-07-01,2026-07,23,48,enterprise,147,6780.42,81365.04,2027-07-14,31,38,48,23,15,48,5,10,5,6,0.1565,1.65,0.1842,0,0,,2026-07-30,36,36.333333333333336,73.33333333333333,true,0,0.0556,-0.5045,378,GraniteHoldings 302,Technology,India,1-50,self_serve,G. Alvarez,true,2022-07-15,5,0.833,Enterprise,Mature,Engaged,false,false,false,true,true,false,false,false,false,false,35,Medium,sustained decline -50.0%; only 16.0% of seats active
ACC-00423,2026-07-01,2026-07,23,16,enterprise,157,6675.36,80104.32,2027-03-18,31,55,117,31,22,114,2,5,5,16,0.1975,1.77,0.1273,1,1,,2026-07-31,74,66.33333333333333,370.6666666666667,true,0,-0.2568,-0.821,260,QuartzWorks 405,Healthcare,United States,201-1000,inbound,C. Moreau,true,2025-03-18,2,0.333,Enterprise,Established,Engaged,false,false,false,true,true,false,false,false,false,false,35,Medium,sustained decline -82.0%; only 20.0% of seats active
ACC-00156,2026-07-01,2026-07,23,38,business,146,5046.64,60559.68,2027-05-02,31,107,163,33,29,148,2,4,9,13,0.226,3.24,0.2523,1,0,,2026-07-31,106,129.66666666666666,174.66666666666666,true,0,0.0094,-0.2576,305,EmberlyGroup 284,Non-profit,United States,1-50,self_serve,G. Alvarez,true,2023-05-03,2,0.333,Mid-Market,Mature,Engaged,false,false,false,true,true,false,false,false,false,false,35,Medium,sustained decline -26.0%; only 23.0% of seats active
ACC-00200,2026-07-01,2026-07,23,35,business,104,3506.45,42077.4,2026-08-14,31,362,582,56,30,496,4,11,15,77,0.5385,6.46,0.1215,1,0,,2026-07-31,450,472.3333333333333,641.0,true,0,-0.1956,-0.2631,44,KestrelPartners 022,Technology,United States,1-50,partner,B. Lindqvist,true,2023-08-15,4,0.667,Mid-Market,Mature,Power,false,false,false,true,false,false,false,false,false,true,35,Medium,sustained decline -26.0%; renews in 44 days
ACC-00292,2026-04-01,2026-04,20,24,business,101,3418.72,41024.64,2026-04-22,21,109,192,40,19,156,3,8,0,41,0.396,2.73,0.2844,0,0,,2026-04-21,164,137.33333333333334,283.3333333333333,true,0,-0.3354,-0.5153,21,GraniteDynamics 280,Technology,United States,51-200,self_serve,A. Okafor,true,2024-04-22,3,0.5,Mid-Market,Mature,Engaged,false,false,false,true,false,false,false,false,false,true,35,Medium,sustained decline -52.0%; renews in 21 days
ACC-00320,2026-07-01,2026-07,23,23,business,94,3315.87,39790.44,2026-08-29,31,214,299,50,28,283,3,8,6,53,0.5319,4.28,0.1729,1,1,,2026-07-31,228,220.33333333333334,510.6666666666667,true,0,-0.0614,-0.5685,59,CedarLabs 313,,United States,1000+,self_serve,E. Rossi,true,2024-08-29,3,0.5,Mid-Market,Established,Power,false,false,false,true,false,false,false,false,false,true,35,Medium,sustained decline -57.0%; renews in 59 days
ACC-00168,2026-07-01,2026-07,23,38,business,77,2526.38,30316.56,2027-05-27,31,22,31,15,16,29,2,4,0,1,0.1948,1.47,0.3182,2,0,,2026-07-31,30,21.0,81.0,true,0,-0.2667,-0.7407,330,KestrelGroup 176,Education,United Kingdom,1-50,self_serve,D. Sharma,true,2023-05-28,2,0.333,Mid-Market,Mature,Engaged,false,false,false,true,true,false,false,false,false,false,35,Medium,sustained decline -74.0%; only 19.0% of seats active
ACC-00429,2026-07-01,2026-07,23,16,business,72,2513.88,30166.56,2027-03-28,31,25,48,12,17,47,2,4,5,11,0.1667,2.08,0.16,0,0,,2026-07-31,32,26.333333333333332,82.0,true,0,-0.2188,-0.6789,270,CobaltHoldings 458,Healthcare,United States,51-200,outbound,H. Nowak,true,2025-03-28,2,0.333,Mid-Market,Established,Engaged,false,false,false,true,true,false,false,false,false,false,35,Medium,sustained decline -68.0%; only 17.0% of seats active
ACC-00244,2026-07-01,2026-07,23,31,business,72,2431.52,29178.24,2026-12-17,31,39,136,21,21,132,2,3,19,0,0.2917,1.86,0.1026,0,0,,2026-07-31,23,35.0,54.333333333333336,true,0,0.6957,-0.3558,169,AsterGroup 032,Professional Services,United Kingdom,51-200,partner,A. Okafor,true,2023-12-18,2,0.333,Mid-Market,Mature,Engaged,false,false,false,true,true,false,false,false,false,false,35,Medium,sustained decline -36.0%; only 29.0% of seats active
ACC-00325,2026-07-01,2026-07,23,22,business,52,1835.88,22030.56,2026-09-03,31,47,58,16,20,55,3,8,0,16,0.3077,2.94,0.1915,2,1,,2026-07-31,49,45.0,61.0,true,0,-0.0408,-0.2623,64,NorthTechnologies 331,Healthcare,Canada,201-1000,self_serve,F. Tanaka,true,2024-09-03,3,0.5,Mid-Market,Established,Engaged,false,false,false,true,false,false,false,false,false,true,35,Medium,sustained decline -26.0%; renews in 64 days
ACC-00005,2026-07-01,2026-07,23,52,growth,58,1322.7,15872.4,2027-03-06,31,20,25,14,15,24,2,3,2,7,0.2414,1.43,0.2,0,0,,2026-07-29,12,19.666666666666668,31.0,true,0,,-0.3656,248,OnyxCollective 012,Technology,India,1000+,self_serve,G. Alvarez,true,2022-03-07,2,0.333,SMB,Mature,Engaged,false,false,false,true,true,false,false,false,false,false,35,Medium,sustained decline -37.0%; only 24.0% of seats active
ACC-00259,2026-07-01,2026-07,23,29,growth,36,753.9,9046.8,2027-02-08,31,49,77,7,22,62,2,4,0,3,0.1944,7.0,0.4286,0,0,,2026-07-31,64,74.66666666666667,172.66666666666666,true,0,-0.2344,-0.5676,222,PinnacleTechnologies 187,Manufacturing,United States,1-50,outbound,B. Lindqvist,true,2024-02-09,2,0.333,SMB,Mature,Engaged,false,false,false,true,true,false,false,false,false,false,35,Medium,sustained decline -57.0%; only 19.0% of seats active
ACC-00478,2026-07-01,2026-07,23,10,growth,30,631.38,7576.56,2026-09-04,31,85,109,19,25,99,4,10,1,18,0.6333,4.47,0.3529,0,0,,2026-07-31,118,88.66666666666667,147.66666666666666,true,0,-0.2797,-0.3995,65,LumenDynamics 448,Technology,United States,1-50,inbound,F. Tanaka,true,2025-09-04,4,0.667,SMB,Establishing,Power,false,false,false,true,false,false,false,false,false,true,35,Medium,sustained decline -40.0%; renews in 65 days
ACC-00102,2026-07-01,2026-07,23,43,growth,32,626.73,7520.76,2026-12-02,31,8,11,6,7,11,2,4,0,1,0.1875,1.33,0.25,0,0,,2026-07-29,14,12.333333333333334,20.666666666666668,true,0,,-0.4032,154,LumenSolutions 162,Education,Germany,1000+,self_serve,D. Sharma,true,2022-12-03,2,0.333,SMB,Mature,Casual,false,false,false,true,true,false,false,false,false,false,35,Medium,sustained decline -40.0%; only 19.0% of seats active
ACC-00327,2026-07-01,2026-07,23,22,growth,31,617.81,7413.72,2026-09-13,31,26,34,13,15,33,4,7,3,6,0.4194,2.0,0.3846,2,0,3.0,2026-07-31,30,25.0,46.666666666666664,true,0,-0.1333,-0.4643,74,CorvusPartners 454,Technology,United States,1000+,inbound,A. Okafor,true,2024-09-13,4,0.667,SMB,Established,Engaged,false,false,false,true,false,false,false,false,false,true,35,Medium,sustained decline -46.0%; renews in 74 days
ACC-00315,2026-07-01,2026-07,23,23,growth,28,593.32,7119.84,2026-08-19,31,35,40,10,17,38,2,6,3,16,0.3571,3.5,0.4571,0,0,,2026-07-31,48,44.333333333333336,60.333333333333336,true,0,-0.2708,-0.2652,49,OnyxGroup 320,Healthcare,United States,1000+,referral,B. Lindqvist,true,2024-08-19,2,0.333,SMB,Established,Engaged,false,false,false,true,false,false,false,false,false,true,35,Medium,sustained decline -27.0%; renews in 49 days
ACC-00275,2026-07-01,2026-07,23,28,growth,28,561.18,6734.16,2027-03-15,31,14,20,6,12,19,2,5,0,5,0.2143,2.33,0.4286,0,0,,2026-07-27,10,9.333333333333334,90.0,true,0,,-0.8963,257,IronLabs 157,Non-profit,Germany,1-50,referral,D. Sharma,true,2024-03-15,2,0.333,SMB,Mature,Engaged,false,false,false,true,true,false,false,false,false,false,35,Medium,sustained decline -90.0%; only 21.0% of seats active
ACC-00217,2026-07-01,2026-07,23,34,growth,26,508.29,6099.48,2026-09-26,31,33,48,11,19,48,3,6,0,11,0.4231,3.0,0.2727,1,0,,2026-07-30,29,30.0,42.0,true,0,0.1379,-0.2857,87,MeridianAnalytics 167,Professional Services,United States,51-200,self_serve,D. Sharma,true,2023-09-27,3,0.5,SMB,Mature,Engaged,false,false,false,true,false,false,false,false,false,true,35,Medium,sustained decline -29.0%; renews in 87 days
ACC-00419,2026-07-01,2026-07,23,16,growth,19,399.42,4793.04,2027-03-13,31,5,8,3,5,8,2,3,0,1,0.1579,1.67,0.6,0,0,,2026-07-30,10,6.666666666666667,53.666666666666664,true,0,,-0.8758,255,OnyxSolutions 474,Education,United States,1-50,inbound,A. Okafor,true,2025-03-13,2,0.333,SMB,Established,Casual,false,false,false,true,true,false,false,false,false,false,35,Medium,sustained decline -88.0%; only 16.0% of seats active
ACC-00215,2025-09-01,2025-09,13,24,starter,20,236.49,2837.88,2025-09-19,18,18,26,6,11,25,4,8,2,6,0.3,3.0,0.2778,0,0,,2025-09-18,29,26.0,59.0,true,0,-0.3793,-0.5593,18,OnyxHoldings 254,,United Kingdom,201-1000,inbound,F. Tanaka,true,2023-09-20,4,0.667,Self-Serve,Mature,Engaged,false,false,false,true,false,false,false,false,false,true,35,Medium,sustained decline -56.0%; renews in 18 days
ACC-00329,2026-07-01,2026-07,23,22,starter,20,210.54,2526.48,2026-09-20,31,20,25,6,13,25,4,9,1,4,0.3,3.33,0.4,0,0,,2026-07-31,22,23.0,33.666666666666664,true,0,-0.0909,-0.3168,81,SolsticeIndustries 437,Financial Services,United Kingdom,1-50,partner,G. Alvarez,true,2024-09-20,4,0.667,Self-Serve,Established,Engaged,false,false,false,true,false,false,false,false,false,true,35,Medium,sustained decline -32.0%; renews in 81 days
ACC-00448,2026-07-01,2026-07,23,15,starter,18,189.09,2269.08,2027-04-29,31,15,18,4,10,16,3,5,1,5,0.2222,3.75,0.7333,2,1,5.0,2026-07-29,8,13.333333333333334,20.333333333333332,true,0,,-0.3443,302,CobaltGroup 392,Professional Services,United States,1-50,self_serve,A. Okafor,true,2025-04-29,3,0.5,Self-Serve,Established,Engaged,false,false,false,true,true,false,false,false,false,false,35,Medium,sustained decline -34.0%; only 22.0% of seats active
ACC-00074,2026-07-01,2026-07,23,46,starter,6,69.58,834.96,2026-09-23,31,27,40,3,18,37,2,6,1,8,0.5,9.0,0.6667,1,0,,2026-07-29,38,30.666666666666668,41.666666666666664,true,0,-0.2895,-0.264,84,CobaltHoldings 062,Technology,United States,201-1000,self_serve,B. Lindqvist,true,2022-09-24,2,0.333,Self-Serve,Mature,Power,false,false,false,true,false,false,false,false,false,true,35,Medium,sustained decline -26.0%; renews in 84 days
ACC-00035,2026-07-01,2026-07,23,48,growth,80,1791.77,21501.24,2027-06-30,31,10,29,9,8,29,2,4,1,2,0.1125,1.11,0.2,0,0,,2026-07-30,25,18.333333333333332,19.0,true,0,-0.6,,364,CedarWorks 093,Healthcare,United States,1-50,referral,H. Nowak,true,2022-07-01,2,0.333,SMB,Mature,Engaged,false,false,true,false,true,false,false,false,false,false,30,Medium,MoM drop -60.0%; only 11.0% of seats active
ACC-00201,2026-07-01,2026-07,23,35,growth,54,1159.95,13919.4,2026-08-14,31,53,97,3,23,55,2,4,0,17,0.0556,17.67,0.9623,1,1,,2026-07-31,60,52.666666666666664,58.666666666666664,true,0,-0.1167,-0.1023,44,BlueGroup 068,Healthcare,Germany,201-1000,self_serve,G. Alvarez,true,2023-08-15,2,0.333,SMB,Mature,Engaged,false,false,false,false,true,true,false,false,false,true,30,Medium,usage concentrated in one user; only 6.0% of seats active; renews in 44 days
ACC-00356,2025-10-01,2025-10,14,11,growth,50,1129.78,13557.36,2025-11-05,31,102,146,6,25,71,2,5,6,22,0.12,17.0,0.9412,1,0,,2025-10-31,89,107.0,125.33333333333333,true,0,0.1461,-0.1463,35,VertexHoldings 446,Retail,United States,1-50,referral,E. Rossi,true,2024-11-05,2,0.333,SMB,Establishing,Engaged,false,false,false,false,true,true,false,false,false,true,30,Medium,usage concentrated in one user; only 12.0% of seats active; renews in 35 days
ACC-00188,2025-06-01,2025-06,10,24,growth,47,1044.08,12528.96,2025-06-21,20,60,81,9,17,47,3,8,2,11,0.1915,6.67,0.8667,1,1,,2025-06-20,82,73.0,68.33333333333333,true,0,-0.2683,0.0683,20,CedarIndustries 005,Manufacturing,Australia,1-50,inbound,F. Tanaka,true,2023-06-22,3,0.5,SMB,Mature,Engaged,false,false,false,false,true,true,false,false,false,true,30,Medium,usage concentrated in one user; only 19.0% of seats active; renews in 20 days
ACC-00260,2026-01-01,2026-01,17,23,growth,30,670.68,8048.16,2026-02-09,31,66,86,4,23,57,3,6,8,6,0.1333,16.5,0.9545,0,0,,2026-01-31,56,60.0,64.66666666666667,true,0,0.1786,-0.0722,39,SolsticeIndustries 041,Manufacturing,United Kingdom,201-1000,inbound,H. Nowak,true,2024-02-10,3,0.5,SMB,Established,Engaged,false,false,false,false,true,true,false,false,false,true,30,Medium,usage concentrated in one user; only 13.0% of seats active; renews in 39 days
ACC-00174,2026-07-01,2026-07,23,37,starter,28,297.13,3565.56,2027-06-07,31,52,72,8,23,68,6,13,5,11,0.2857,6.5,0.25,1,0,,2026-07-31,93,67.0,73.33333333333333,true,0,-0.4409,-0.0864,341,GranitePartners 214,Technology,United States,201-1000,referral,H. Nowak,true,2023-06-08,6,1.0,Self-Serve,Mature,Engaged,false,false,true,false,true,false,false,false,false,false,30,Medium,MoM drop -44.0%; only 29.0% of seats active
ACC-00059,2026-07-01,2026-07,23,47,starter,15,175.98,2111.76,2026-08-22,31,38,61,2,22,48,3,7,1,13,0.1333,19.0,0.9737,2,0,5.0,2026-07-31,54,44.333333333333336,35.0,true,0,-0.2963,0.2667,52,BlueDynamics 112,Technology,United States,201-1000,referral,B. Lindqvist,true,2022-08-23,3,0.5,Self-Serve,Mature,Engaged,false,false,false,false,true,true,false,false,false,true,30,Medium,usage concentrated in one user; only 13.0% of seats active; renews in 52 days
ACC-00322,2026-07-01,2026-07,23,22,starter,14,172.79,2073.48,2026-09-02,31,23,40,1,16,31,3,8,1,6,0.0714,23.0,1.0,1,0,,2026-07-31,35,32.0,25.0,true,0,-0.3429,0.28,63,CorvusCollective 432,Education,India,1-50,inbound,A. Okafor,true,2024-09-02,3,0.5,Self-Serve,Established,Engaged,false,false,false,false,true,true,false,false,false,true,30,Medium,usage concentrated in one user; only 7.0% of seats active; renews in 63 days
ACC-00058,2026-07-01,2026-07,23,47,starter,11,114.05,1368.6,2026-08-21,31,15,24,3,11,22,4,10,2,6,0.2727,5.0,0.8,1,1,,2026-07-30,8,11.333333333333334,13.0,true,0,,,51,CorvusHoldings 278,Technology,Germany,1-50,partner,B. Lindqvist,true,2022-08-22,4,0.667,Self-Serve,Mature,Engaged,false,false,false,false,true,true,false,false,false,true,30,Medium,usage concentrated in one user; only 27.0% of seats active; renews in 51 days
ACC-00299,2026-07-01,2026-07,23,26,growth,43,922.3,11067.6,2027-05-13,31,2,7,2,2,7,1,2,0,1,0.0465,1.0,0.5,0,0,,2026-07-31,6,7.0,7.666666666666667,true,0,,,316,CobaltSolutions 150,Manufacturing,United States,201-1000,self_serve,H. Nowak,true,2024-05-13,1,0.167,SMB,Mature,Minimal,false,false,false,false,true,false,true,true,false,false,28,Low,only 5.0% of seats active; uses 1 of 6 feature areas; active on only 2 days
ACC-00298,2026-07-01,2026-07,23,26,starter,8,82.25,987.0,2027-05-08,31,2,9,2,2,9,1,2,0,1,0.25,1.0,0.5,1,0,2.0,2026-07-31,5,5.333333333333333,7.666666666666667,true,0,,,311,CorvusCollective 036,Healthcare,India,1000+,inbound,H. Nowak,true,2024-05-08,1,0.167,Self-Serve,Mature,Minimal,false,false,false,false,true,false,true,true,false,false,28,Low,only 25.0% of seats active; uses 1 of 6 feature areas; active on only 2 days
ACC-00091,2026-07-01,2026-07,23,44,starter,5,55.87,670.44,2026-11-04,31,3,4,1,3,4,1,1,0,0,0.2,3.0,1.0,1,0,,2026-07-29,4,4.333333333333333,9.0,true,0,,,126,LumenDynamics 184,Financial Services,Germany,51-200,outbound,B. Lindqvist,true,2022-11-05,1,0.167,Self-Serve,Mature,Casual,false,false,false,false,true,true,true,false,false,false,28,Low,usage concentrated in one user; only 20.0% of seats active; uses 1 of 6 feature areas
ACC-00492,2026-07-01,2026-07,23,8,enterprise,152,7387.66,88651.92,2026-11-19,31,735,1004,71,31,534,4,9,113,108,0.4671,10.35,0.502,0,0,,2026-07-31,773,711.0,1051.0,true,0,-0.0492,-0.3235,141,CedarIndustries 401,Healthcare,United States,201-1000,outbound,D. Sharma,true,2025-11-19,4,0.667,Enterprise,Establishing,Engaged,false,false,false,true,false,false,false,false,false,false,25,Low,sustained decline -32.0%
ACC-00283,2026-07-01,2026-07,23,27,enterprise,157,7248.61,86983.32,2027-04-11,31,117,187,56,28,180,3,7,6,32,0.3567,2.09,0.1538,0,0,,2026-07-31,125,118.66666666666667,168.0,true,0,-0.064,-0.2937,284,NorthSystems 243,Technology,United States,51-200,outbound,B. Lindqvist,true,2024-04-11,3,0.5,Enterprise,Mature,Engaged,false,false,false,true,false,false,false,false,false,false,25,Low,sustained decline -29.0%
ACC-00441,2026-07-01,2026-07,23,15,enterprise,157,6442.31,77307.72,2027-04-19,31,185,271,52,29,259,3,8,32,50,0.3312,3.56,0.1081,1,0,,2026-07-31,174,177.33333333333334,294.6666666666667,true,0,0.0632,-0.3982,292,GranitePartners 346,Retail,Canada,201-1000,partner,D. Sharma,true,2025-04-19,3,0.5,Enterprise,Established,Engaged,false,false,false,true,false,false,false,false,false,false,25,Low,sustained decline -40.0%
ACC-00379,2026-07-01,2026-07,23,19,enterprise,113,5687.42,68249.04,2026-12-10,31,311,519,34,30,252,4,11,31,120,0.3009,9.15,0.5852,0,0,,2026-07-31,417,442.6666666666667,699.0,true,0,-0.2542,-0.3667,162,AsterCollective 384,Non-profit,United States,1000+,self_serve,A. Okafor,true,2024-12-10,4,0.667,Enterprise,Established,Engaged,false,false,false,true,false,false,false,false,false,false,25,Low,sustained decline -37.0%
ACC-00396,2026-07-01,2026-07,23,18,enterprise,114,5372.51,64470.12,2027-01-27,31,388,500,55,31,376,5,14,19,120,0.4825,7.05,0.2577,1,1,,2026-07-31,554,463.6666666666667,700.6666666666666,true,0,-0.2996,-0.3382,210,EmberlyPartners 394,Non-profit,United States,201-1000,self_serve,G. Alvarez,true,2025-01-27,5,0.833,Enterprise,Established,Engaged,false,false,false,true,false,false,false,false,false,false,25,Low,sustained decline -34.0%
ACC-00355,2026-07-01,2026-07,23,20,business,67,2267.35,27208.2,2026-11-03,31,142,228,27,28,198,4,12,8,42,0.403,5.26,0.3944,1,0,3.0,2026-07-31,112,139.0,250.66666666666666,true,0,0.2679,-0.4455,125,WillowTechnologies 391,Financial Services,United States,201-1000,partner,E. Rossi,true,2024-11-03,4,0.667,Mid-Market,Established,Engaged,false,false,false,true,false,false,false,false,false,false,25,Low,sustained decline -45.0%
ACC-00486,2026-07-01,2026-07,23,9,business,57,1768.16,21217.92,2026-10-03,31,149,231,26,28,213,3,8,23,37,0.4561,5.73,0.1544,1,1,,2026-07-31,176,176.0,251.0,true,0,-0.1534,-0.2988,94,HalcyonWorks 345,Healthcare,United States,201-1000,self_serve,A. Okafor,true,2025-10-03,3,0.5,Mid-Market,Establishing,Engaged,false,false,false,true,false,false,false,false,false,false,25,Low,sustained decline -30.0%
ACC-00434,2026-07-01,2026-07,23,15,business,56,1711.99,20543.88,2027-04-01,31,67,111,20,25,103,3,7,6,18,0.3571,3.35,0.1493,0,0,,2026-07-31,75,71.66666666666667,129.33333333333334,true,0,-0.1067,-0.4459,274,BlueSolutions 354,Healthcare,United States,1-50,partner,C. Moreau,true,2025-04-01,3,0.5,Mid-Market,Established,Engaged,false,false,false,true,false,false,false,false,false,false,25,Low,sustained decline -45.0%
ACC-00338,2026-07-01,2026-07,23,21,growth,52,1139.26,13671.12,2026-10-13,31,67,96,23,29,94,3,8,4,15,0.4423,2.91,0.209,0,0,,2026-07-31,84,89.0,131.0,true,0,-0.2024,-0.3206,104,WillowWorks 369,Healthcare,United States,1000+,inbound,C. Moreau,true,2024-10-13,3,0.5,SMB,Established,Engaged,false,false,false,true,false,false,false,false,false,false,25,Low,sustained decline -32.0%
ACC-00294,2026-07-01,2026-07,23,27,growth,47,993.43,11921.16,2027-04-25,31,87,142,20,28,127,4,11,7,30,0.4255,4.35,0.3793,0,0,,2026-07-31,125,113.33333333333333,228.0,true,0,-0.304,-0.5029,298,WillowTechnologies 127,Technology,United Kingdom,1-50,self_serve,D. Sharma,true,2024-04-25,4,0.667,SMB,Mature,Engaged,false,false,false,true,false,false,false,false,false,false,25,Low,sustained decline -50.0%
ACC-00397,2026-07-01,2026-07,23,18,growth,42,877.62,10531.44,2027-01-29,31,71,100,19,24,90,4,10,3,20,0.4524,3.74,0.3099,1,0,,2026-07-31,118,100.33333333333333,247.33333333333334,true,0,-0.3983,-0.5943,212,NorthLabs 397,Non-profit,Germany,51-200,outbound,A. Okafor,true,2025-01-29,4,0.667,SMB,Established,Engaged,false,false,false,true,false,false,false,false,false,false,25,Low,sustained decline -59.0%
ACC-00443,2026-07-01,2026-07,23,15,growth,35,786.45,9437.4,2027-04-24,31,101,129,21,27,121,4,11,8,29,0.6,4.81,0.2079,0,0,,2026-07-31,83,95.0,132.0,true,0,0.2169,-0.2803,297,LumenHoldings 338,Financial Services,United Kingdom,51-200,inbound,C. Moreau,true,2025-04-24,4,0.667,SMB,Established,Power,false,false,false,true,false,false,false,false,false,false,25,Low,sustained decline -28.0%
ACC-00187,2026-07-01,2026-07,23,37,growth,40,764.7,9176.4,2027-06-20,31,110,123,21,28,117,3,7,11,16,0.525,5.24,0.1364,1,0,,2026-07-31,105,110.0,165.33333333333334,true,0,0.0476,-0.3347,354,NorthAnalytics 155,Technology,United States,1-50,inbound,D. Sharma,true,2023-06-21,3,0.5,SMB,Mature,Power,false,false,false,true,false,false,false,false,false,false,25,Low,sustained decline -33.0%
ACC-00131,2026-07-01,2026-07,23,40,growth,32,738.48,8861.76,2027-03-03,31,38,53,13,19,51,3,6,3,7,0.4063,2.92,0.2632,1,0,,2026-07-30,28,31.0,50.0,true,0,0.3571,-0.38,245,BlueHoldings 134,Retail,United States,51-200,self_serve,A. Okafor,true,2023-03-04,3,0.5,SMB,Mature,Engaged,false,false,false,true,false,false,false,false,false,false,25,Low,sustained decline -38.0%
ACC-00455,2026-07-01,2026-07,23,14,growth,33,730.02,8760.24,2027-05-10,31,183,262,25,28,236,6,17,17,68,0.7576,7.32,0.1099,0,0,,2026-07-31,112,151.33333333333334,206.66666666666666,true,0,0.6339,-0.2677,313,PinnacleIndustries 341,Healthcare,United States,1-50,self_serve,D. Sharma,true,2025-05-10,6,1.0,SMB,Established,Power,false,false,false,true,false,false,false,false,false,false,25,Low,sustained decline -27.0%
ACC-00183,2026-07-01,2026-07,23,37,growth,32,691.4,8296.8,2027-06-16,31,58,70,18,26,66,2,4,0,9,0.5625,3.22,0.2931,2,0,5.0,2026-07-31,66,57.666666666666664,88.66666666666667,true,0,-0.1212,-0.3496,350,OnyxPartners 298,Technology,Germany,51-200,partner,G. Alvarez,true,2023-06-17,2,0.333,SMB,Mature,Power,false,false,false,true,false,false,false,false,false,false,25,Low,sustained decline -35.0%
ACC-00370,2026-07-01,2026-07,23,20,growth,28,598.82,7185.84,2026-11-27,31,26,55,13,16,52,2,3,11,0,0.4643,2.0,0.1923,0,0,,2026-07-31,39,32.333333333333336,47.333333333333336,true,0,-0.3333,-0.3169,149,IronAnalytics 311,Technology,Australia,51-200,self_serve,C. Moreau,true,2024-11-27,2,0.333,SMB,Established,Engaged,false,false,false,true,false,false,false,false,false,false,25,Low,sustained decline -32.0%
ACC-00157,2026-07-01,2026-07,23,38,growth,31,589.88,7078.56,2027-05-05,31,37,67,10,19,59,3,7,2,17,0.3226,3.7,0.4865,1,0,,2026-07-31,60,62.0,91.66666666666667,true,0,-0.3833,-0.3236,308,CobaltSolutions 282,Manufacturing,United Kingdom,1-50,outbound,F. Tanaka,true,2023-05-06,3,0.5,SMB,Mature,Engaged,false,false,false,true,false,false,false,false,false,false,25,Low,sustained decline -32.0%
ACC-00411,2026-07-01,2026-07,23,17,growth,19,425.2,5102.4,2027-02-23,31,78,99,19,24,92,3,9,1,18,1.0,4.11,0.141,0,0,,2026-07-31,95,87.66666666666667,142.33333333333334,true,0,-0.1789,-0.3841,237,QuartzLabs 493,Technology,Canada,201-1000,self_serve,B. Lindqvist,true,2025-02-23,3,0.5,SMB,Established,Power,false,false,false,true,false,false,false,false,false,false,25,Low,sustained decline -38.0%
ACC-00288,2026-07-01,2026-07,23,27,growth,19,368.39,4420.68,2027-04-16,31,14,23,8,11,23,2,3,3,0,0.4211,1.75,0.2857,1,0,,2026-07-30,15,16.333333333333332,24.333333333333332,true,0,,-0.3288,289,NorthLabs 001,Technology,United States,51-200,inbound,B. Lindqvist,true,2024-04-16,2,0.333,SMB,Mature,Engaged,false,false,false,true,false,false,false,false,false,false,25,Low,sustained decline -33.0%
ACC-00121,2026-07-01,2026-07,23,41,starter,24,296.68,3560.16,2027-02-06,31,56,81,8,23,75,4,11,3,11,0.3333,7.0,0.5,0,0,,2026-07-31,45,45.666666666666664,66.0,true,0,0.2444,-0.3081,220,CobaltGroup 260,Financial Services,India,1000+,partner,H. Nowak,true,2023-02-07,4,0.667,Self-Serve,Mature,Engaged,false,false,false,true,false,false,false,false,false,false,25,Low,sustained decline -31.0%
ACC-00248,2026-07-01,2026-07,23,30,starter,20,218.07,2616.84,2027-01-08,31,26,43,9,13,36,2,4,5,8,0.45,2.89,0.2308,1,0,,2026-07-31,30,28.333333333333332,38.0,true,0,-0.1333,-0.2544,191,QuartzWorks 009,Financial Services,Germany,1000+,self_serve,B. Lindqvist,true,2024-01-09,2,0.333,Self-Serve,Mature,Engaged,false,false,false,true,false,false,false,false,false,false,25,Low,sustained decline -25.0%
ACC-00365,2026-07-01,2026-07,23,20,starter,17,211.64,2539.68,2026-11-23,31,36,46,11,19,44,3,8,4,16,0.6471,3.27,0.1667,1,1,,2026-07-30,31,32.0,57.0,true,0,0.1613,-0.4386,145,CobaltDynamics 436,Non-profit,United States,51-200,outbound,C. Moreau,true,2024-11-23,3,0.5,Self-Serve,Established,Power,false,false,false,true,false,false,false,false,false,false,25,Low,sustained decline -44.0%
ACC-00392,2026-07-01,2026-07,23,18,starter,14,146.59,1759.08,2027-01-21,31,19,45,5,12,38,2,3,7,0,0.3571,3.8,0.4211,1,0,,2026-07-29,24,26.333333333333332,50.0,true,0,-0.2083,-0.4733,204,VertexPartners 358,Healthcare,Canada,201-1000,self_serve,B. Lindqvist,true,2025-01-21,2,0.333,Self-Serve,Established,Engaged,false,false,false,true,false,false,false,false,false,false,25,Low,sustained decline -47.0%
ACC-00431,2026-07-01,2026-07,23,16,starter,11,134.84,1618.08,2027-03-31,31,20,40,6,13,40,2,3,7,10,0.5455,3.33,0.25,0,0,,2026-07-31,19,22.0,37.0,true,0,,-0.4054,273,EmberlyCollective 372,Technology,United States,1-50,inbound,B. Lindqvist,true,2025-03-31,2,0.333,Self-Serve,Established,Power,false,false,false,true,false,false,false,false,false,false,25,Low,sustained decline -41.0%
ACC-00343,2026-07-01,2026-07,23,21,starter,9,97.82,1173.84,2026-10-19,31,13,26,4,10,24,3,6,0,3,0.4444,3.25,0.5385,0,0,,2026-07-31,18,20.0,37.0,true,0,,-0.4595,110,MeridianTechnologies 475,Financial Services,Canada,1-50,inbound,A. Okafor,true,2024-10-19,3,0.5,Self-Serve,Established,Engaged,false,false,false,true,false,false,false,false,false,false,25,Low,sustained decline -46.0%
ACC-00408,2026-07-01,2026-07,23,17,starter,6,70.45,845.4,2027-02-19,31,30,40,3,19,36,5,10,1,9,0.5,10.0,0.5333,1,1,1.0,2026-07-30,32,38.333333333333336,66.33333333333333,true,0,-0.0625,-0.4221,233,SummitGroup 488,Healthcare,United States,201-1000,self_serve,A. Okafor,true,2025-02-19,5,0.833,Self-Serve,Established,Power,false,false,false,true,false,false,false,false,false,false,25,Low,sustained decline -42.0%
ACC-00051,2026-07-01,2026-07,23,47,enterprise,215,9735.93,116831.16,2026-08-10,31,723,1016,54,31,534,6,17,63,241,0.2512,13.39,0.314,0,0,,2026-07-31,717,757.3333333333334,675.6666666666666,true,0,0.0084,0.1209,40,IronSystems 135,Financial Services,Germany,1000+,self_serve,G. Alvarez,true,2022-08-11,6,1.0,Enterprise,Mature,Engaged,false,false,false,false,true,false,false,false,false,true,20,Low,only 25.0% of seats active; renews in 40 days
ACC-00404,2026-07-01,2026-07,23,17,business,107,3727.12,44725.44,2027-02-09,31,153,334,23,29,144,2,4,33,20,0.215,6.65,0.8105,0,0,,2026-07-31,111,123.33333333333333,135.0,true,0,0.3784,-0.0864,223,PinnacleAnalytics 407,Healthcare,United States,1-50,self_serve,D. Sharma,true,2025-02-09,2,0.333,Mid-Market,Established,Engaged,false,false,false,false,true,true,false,false,false,false,20,Low,usage concentrated in one user; only 22.0% of seats active
ACC-00256,2026-07-01,2026-07,23,29,business,114,3407.28,40887.36,2027-01-31,31,172,264,11,31,115,3,8,26,51,0.0965,15.64,0.8605,0,0,,2026-07-31,264,276.3333333333333,308.0,true,0,-0.3485,-0.1028,214,WillowTechnologies 259,Financial Services,Australia,1-50,self_serve,E. Rossi,true,2024-02-01,3,0.5,Mid-Market,Mature,Engaged,false,false,false,false,true,true,false,false,false,false,20,Low,usage concentrated in one user; only 10.0% of seats active
ACC-00312,2026-07-01,2026-07,23,23,business,99,2969.27,35631.24,2026-08-10,31,22,31,12,16,31,2,4,3,2,0.1212,1.83,0.2727,0,0,,2026-07-31,28,24.666666666666668,24.333333333333332,true,0,-0.2143,0.0137,40,QuartzIndustries 449,Professional Services,United States,51-200,inbound,B. Lindqvist,true,2024-08-10,2,0.333,Mid-Market,Established,Engaged,false,false,false,false,true,false,false,false,false,true,20,Low,only 12.0% of seats active; renews in 40 days
ACC-00077,2026-07-01,2026-07,23,45,business,72,2530.97,30371.64,2026-09-30,31,235,357,19,31,121,2,4,0,41,0.2639,12.37,0.8979,0,0,,2026-07-31,190,210.0,171.66666666666666,true,0,0.2368,0.2233,91,MeridianLabs 013,Professional Services,United States,1000+,self_serve,A. Okafor,true,2022-10-01,2,0.333,Mid-Market,Mature,Engaged,false,false,false,false,true,true,false,false,false,false,20,Low,usage concentrated in one user; only 26.0% of seats active
ACC-00413,2026-07-01,2026-07,23,16,business,66,2108.0,25296.0,2027-03-01,31,52,98,8,21,64,2,4,11,4,0.1212,6.5,0.8654,0,0,,2026-07-31,66,61.333333333333336,58.0,true,0,-0.2121,0.0575,243,RiverstoneIndustries 329,Professional Services,United Kingdom,51-200,inbound,E. Rossi,true,2025-03-01,2,0.333,Mid-Market,Established,Engaged,false,false,false,false,true,true,false,false,false,false,20,Low,usage concentrated in one user; only 12.0% of seats active
ACC-00045,2026-07-01,2026-07,23,48,growth,70,1547.2,18566.4,2027-07-29,31,167,272,14,27,102,3,7,13,30,0.2,11.93,0.9102,0,0,,2026-07-31,213,178.66666666666666,172.0,true,0,-0.216,0.0388,393,HarborAnalytics 227,Education,United States,1-50,partner,G. Alvarez,true,2022-07-30,3,0.5,SMB,Mature,Engaged,false,false,false,false,true,true,false,false,false,false,20,Low,usage concentrated in one user; only 20.0% of seats active
ACC-00112,2026-07-01,2026-07,23,43,growth,61,1187.96,14255.52,2026-12-30,31,130,165,13,28,82,3,7,6,36,0.2131,10.0,0.9,0,0,,2026-07-31,170,132.66666666666666,139.33333333333334,true,0,-0.2353,-0.0478,182,CobaltDynamics 040,Education,United States,51-200,inbound,H. Nowak,true,2022-12-31,3,0.5,SMB,Mature,Engaged,false,false,false,false,true,true,false,false,false,false,20,Low,usage concentrated in one user; only 21.0% of seats active
ACC-00139,2026-07-01,2026-07,23,40,growth,53,1146.67,13760.04,2027-03-15,31,62,71,3,24,49,3,7,5,14,0.0566,20.67,0.9677,2,1,,2026-07-31,88,79.0,81.0,true,0,-0.2955,-0.0247,257,QuartzTechnologies 295,Technology,Australia,1-50,inbound,G. Alvarez,true,2023-03-16,3,0.5,SMB,Mature,Engaged,false,false,false,false,true,true,false,false,false,false,20,Low,usage concentrated in one user; only 6.0% of seats active
ACC-00001,2026-07-01,2026-07,23,53,growth,33,737.96,8855.52,2027-02-16,31,2,7,2,2,6,2,2,0,1,0.0606,1.0,0.5,0,0,,2026-07-24,6,8.0,12.0,true,0,,,230,HarborIndustries 161,Education,Canada,201-1000,outbound,E. Rossi,true,2022-02-17,2,0.333,SMB,Mature,Minimal,false,false,false,false,true,false,false,true,false,false,20,Low,only 6.0% of seats active; active on only 2 days
ACC-00065,2026-07-01,2026-07,23,47,growth,34,724.6,8695.2,2026-08-30,31,90,130,10,27,99,4,10,9,23,0.2941,9.0,0.5556,1,0,,2026-07-31,88,83.0,87.0,true,0,0.0227,-0.046,60,SolsticeIndustries 173,Professional Services,Australia,1-50,inbound,A. Okafor,true,2022-08-31,4,0.667,SMB,Mature,Engaged,false,false,false,false,true,false,false,false,false,true,20,Low,only 29.0% of seats active; renews in 60 days
ACC-00193,2026-07-01,2026-07,23,36,growth,35,679.5,8154.0,2027-07-10,31,50,72,7,24,50,4,9,1,16,0.2,7.14,0.86,2,0,5.0,2026-07-31,79,69.66666666666667,64.33333333333333,true,0,-0.3671,0.0829,374,RiverstoneIndustries 065,Professional Services,Germany,51-200,referral,H. Nowak,true,2023-07-11,4,0.667,SMB,Mature,Engaged,false,false,false,false,true,true,false,false,false,false,20,Low,usage concentrated in one user; only 20.0% of seats active
ACC-00196,2026-07-01,2026-07,23,36,growth,29,661.9,7942.8,2027-07-14,31,115,165,5,29,82,3,6,12,16,0.1724,23.0,0.9565,1,0,,2026-07-31,107,115.33333333333333,116.0,true,0,0.0748,-0.0057,378,AsterGroup 164,Education,United States,201-1000,inbound,E. Rossi,true,2023-07-15,3,0.5,SMB,Mature,Engaged,false,false,false,false,true,true,false,false,false,false,20,Low,usage concentrated in one user; only 17.0% of seats active
ACC-00278,2026-07-01,2026-07,23,28,growth,29,571.5,6858.0,2027-03-30,31,48,117,2,22,65,2,3,12,0,0.069,24.0,0.9583,0,0,,2026-07-31,67,49.333333333333336,57.333333333333336,true,0,-0.2836,-0.1395,272,BluePartners 310,Technology,United States,201-1000,self_serve,A. Okafor,true,2024-03-30,2,0.333,SMB,Mature,Engaged,false,false,false,false,true,true,false,false,false,false,20,Low,usage concentrated in one user; only 7.0% of seats active
ACC-00008,2026-07-01,2026-07,23,52,growth,23,496.15,5953.8,2027-03-13,31,31,49,3,19,38,3,8,4,11,0.1304,10.33,0.9355,0,0,,2026-07-31,24,29.333333333333332,27.0,true,0,0.2917,0.0864,255,EmberlyDynamics 064,Healthcare,United Kingdom,201-1000,inbound,H. Nowak,true,2022-03-14,3,0.5,SMB,Mature,Engaged,false,false,false,false,true,true,false,false,false,false,20,Low,usage concentrated in one user; only 13.0% of seats active
ACC-00070,2026-07-01,2026-07,23,46,growth,20,434.06,5208.72,2026-09-09,31,83,143,8,25,78,3,8,0,33,0.4,10.38,0.9036,0,0,,2026-07-31,104,91.33333333333333,49.666666666666664,true,0,-0.2019,0.8389,70,HarborSystems 051,Education,Canada,1-50,inbound,G. Alvarez,true,2022-09-10,3,0.5,SMB,Mature,Engaged,false,false,false,false,false,true,false,false,false,true,20,Low,usage concentrated in one user; renews in 70 days
ACC-00054,2026-07-01,2026-07,23,47,starter,27,334.78,4017.36,2026-08-17,31,17,40,5,12,37,2,3,11,0,0.1852,3.4,0.4118,2,0,,2026-07-31,10,12.666666666666666,13.666666666666666,true,0,,,47,CobaltPartners 106,Education,Germany,51-200,inbound,E. Rossi,true,2022-08-18,2,0.333,Self-Serve,Mature,Engaged,false,false,false,false,true,false,false,false,false,true,20,Low,only 19.0% of seats active; renews in 47 days
ACC-00100,2026-07-01,2026-07,23,44,growth,12,241.07,2892.84,2026-11-28,31,71,126,10,26,119,2,4,15,13,0.8333,7.1,0.3099,1,0,,2026-07-31,124,89.33333333333333,58.666666666666664,true,0,-0.4274,0.5227,150,OnyxHoldings 122,Financial Services,Australia,1-50,partner,B. Lindqvist,true,2022-11-29,2,0.333,SMB,Mature,Power,false,false,true,false,false,false,false,false,false,false,20,Low,MoM drop -43.0%
ACC-00284,2026-07-01,2026-07,23,27,starter,17,188.15,2257.8,2027-04-12,31,157,215,4,29,100,6,16,16,30,0.2353,39.25,0.8599,3,1,,2026-07-31,153,138.66666666666666,117.0,true,0,0.0261,0.1852,285,AsterPartners 010,Retail,United Kingdom,1-50,self_serve,C. Moreau,true,2024-04-12,6,1.0,Self-Serve,Mature,Engaged,false,false,false,false,true,true,false,false,false,false,20,Low,usage concentrated in one user; only 24.0% of seats active
ACC-00475,2026-07-01,2026-07,23,11,starter,16,184.28,2211.36,2026-08-13,31,22,38,4,16,34,2,4,6,7,0.25,5.5,0.7727,2,1,,2026-07-31,25,22.0,24.333333333333332,true,0,-0.12,-0.0959,43,EmberlyHoldings 482,Healthcare,United States,1-50,self_serve,D. Sharma,true,2025-08-13,2,0.333,Self-Serve,Establishing,Engaged,false,false,false,false,true,false,false,false,false,true,20,Low,only 25.0% of seats active; renews in 43 days
ACC-00480,2026-07-01,2026-07,23,10,starter,15,174.54,2094.48,2026-09-12,31,5,6,4,5,6,2,4,0,2,0.2667,1.25,0.4,0,0,,2026-07-31,2,3.0,19.0,true,0,,,73,HarborLabs 337,Non-profit,United States,201-1000,inbound,C. Moreau,true,2025-09-12,2,0.333,Self-Serve,Establishing,Casual,false,false,false,false,true,false,false,false,false,true,20,Low,only 27.0% of seats active; renews in 73 days
ACC-00120,2026-07-01,2026-07,23,41,starter,14,155.23,1862.76,2027-02-03,31,44,54,2,22,42,3,7,0,5,0.1429,22.0,0.9773,1,0,5.0,2026-07-31,55,46.333333333333336,48.333333333333336,true,0,-0.2,-0.0414,217,VertexSolutions 270,Education,United States,51-200,inbound,C. Moreau,true,2023-02-04,3,0.5,Self-Serve,Mature,Engaged,false,false,false,false,true,true,false,false,false,false,20,Low,usage concentrated in one user; only 14.0% of seats active
ACC-00243,2026-07-01,2026-07,23,31,starter,12,141.46,1697.52,2026-12-11,31,25,30,2,15,26,4,9,7,4,0.1667,12.5,0.84,2,1,,2026-07-30,17,23.0,30.0,true,0,,-0.2333,163,GraniteDynamics 148,Healthcare,United States,51-200,outbound,F. Tanaka,true,2023-12-12,4,0.667,Self-Serve,Mature,Engaged,false,false,false,false,true,true,false,false,false,false,20,Low,usage concentrated in one user; only 17.0% of seats active
ACC-00212,2026-07-01,2026-07,23,34,starter,12,136.19,1634.28,2026-09-15,31,206,262,9,30,123,5,14,25,73,0.75,22.89,0.8155,0,0,,2026-07-31,150,172.0,142.33333333333334,true,0,0.3733,0.2084,76,HalcyonLabs 169,Technology,United States,51-200,self_serve,D. Sharma,true,2023-09-16,5,0.833,Self-Serve,Mature,Power,false,false,false,false,false,true,false,false,false,true,20,Low,usage concentrated in one user; renews in 76 days
ACC-00428,2026-07-01,2026-07,23,16,starter,11,128.71,1544.52,2027-03-23,31,20,24,2,15,22,3,5,1,2,0.1818,10.0,0.95,4,1,,2026-07-31,14,21.333333333333332,23.666666666666668,true,0,,-0.0986,265,PinnacleTechnologies 319,Technology,United States,201-1000,self_serve,B. Lindqvist,true,2025-03-23,3,0.5,Self-Serve,Established,Engaged,false,false,false,false,true,true,false,false,false,false,20,Low,usage concentrated in one user; only 18.0% of seats active
ACC-00314,2026-07-01,2026-07,23,23,starter,10,111.82,1341.84,2026-08-16,31,4,6,2,4,6,3,3,1,0,0.2,2.0,0.75,0,0,,2026-07-28,2,2.3333333333333335,7.333333333333333,true,0,,,46,MeridianLabs 409,Education,United States,1-50,outbound,A. Okafor,true,2024-08-16,3,0.5,Self-Serve,Established,Casual,false,false,false,false,true,false,false,false,false,true,20,Low,only 20.0% of seats active; renews in 46 days
ACC-00202,2026-07-01,2026-07,23,35,starter,8,91.93,1103.16,2026-08-18,31,27,61,5,15,44,2,5,0,11,0.625,5.4,0.8148,1,1,1.0,2026-07-31,26,29.0,25.333333333333332,true,0,0.0385,0.1447,48,SolsticeSystems 063,Financial Services,Germany,1-50,inbound,C. Moreau,true,2023-08-19,2,0.333,Self-Serve,Mature,Power,false,false,false,false,false,true,false,false,false,true,20,Low,usage concentrated in one user; renews in 48 days
ACC-00093,2026-07-01,2026-07,23,44,starter,7,86.28,1035.36,2026-11-15,31,12,22,2,10,19,2,2,4,0,0.2857,6.0,0.9167,2,0,,2026-07-27,15,15.333333333333334,13.0,true,0,,,137,GraniteCollective 060,Healthcare,India,51-200,self_serve,F. Tanaka,true,2022-11-16,2,0.333,Self-Serve,Mature,Engaged,false,false,false,false,true,true,false,false,false,false,20,Low,usage concentrated in one user; only 29.0% of seats active
ACC-00353,2026-07-01,2026-07,23,21,starter,7,78.1,937.2,2026-10-31,31,47,65,4,20,53,6,14,4,9,0.5714,11.75,0.4043,0,0,,2026-07-31,89,59.333333333333336,52.666666666666664,true,0,-0.4719,0.1266,122,MeridianTechnologies 343,Professional Services,United States,1-50,inbound,E. Rossi,true,2024-10-31,6,1.0,Self-Serve,Established,Power,false,false,true,false,false,false,false,false,false,false,20,Low,MoM drop -47.0%
ACC-00080,2026-07-01,2026-07,23,45,starter,7,76.04,912.48,2026-10-15,31,5,5,2,4,5,2,3,0,0,0.2857,2.5,0.8,0,0,,2026-07-21,3,4.0,6.666666666666667,true,0,,,106,GraniteGroup 236,Healthcare,United States,201-1000,self_serve,C. Moreau,true,2022-10-16,2,0.333,Self-Serve,Mature,Casual,false,false,false,false,true,true,false,false,false,false,20,Low,usage concentrated in one user; only 29.0% of seats active
ACC-00126,2026-07-01,2026-07,23,41,starter,5,61.51,738.12,2027-02-20,31,5,11,1,4,10,3,5,1,1,0.2,5.0,1.0,0,0,,2026-07-30,4,5.0,4.333333333333333,true,0,,,234,BlueCollective 288,Technology,United States,201-1000,self_serve,C. Moreau,true,2023-02-21,3,0.5,Self-Serve,Mature,Casual,false,false,false,false,true,true,false,false,false,false,20,Low,usage concentrated in one user; only 20.0% of seats active
ACC-00147,2026-07-01,2026-07,23,39,starter,5,55.41,664.92,2027-04-19,31,5,8,1,4,8,3,3,2,0,0.2,5.0,1.0,1,0,,2026-07-25,4,6.333333333333333,9.666666666666666,true,0,,,292,CedarSystems 159,Technology,Australia,201-1000,outbound,C. Moreau,true,2023-04-20,3,0.5,Self-Serve,Mature,Casual,false,false,false,false,true,true,false,false,false,false,20,Low,usage concentrated in one user; only 20.0% of seats active
ACC-00373,2026-07-01,2026-07,23,19,starter,5,53.93,647.16,2026-12-03,31,11,24,1,9,20,2,4,0,3,0.2,11.0,1.0,1,0,,2026-07-30,19,15.333333333333334,14.0,true,0,,,155,OnyxDynamics 496,Financial Services,United Kingdom,201-1000,inbound,C. Moreau,true,2024-12-03,2,0.333,Self-Serve,Established,Engaged,false,false,false,false,true,true,false,false,false,false,20,Low,usage concentrated in one user; only 20.0% of seats active
ACC-00321,2026-07-01,2026-07,23,23,starter,5,52.32,627.84,2026-08-31,31,5,9,2,5,9,3,3,1,1,0.4,2.5,0.8,0,0,,2026-07-29,3,3.3333333333333335,8.0,true,0,,,61,NorthTechnologies 463,Technology,United Kingdom,201-1000,outbound,E. Rossi,true,2024-08-31,3,0.5,Self-Serve,Established,Casual,false,false,false,false,false,true,false,false,false,true,20,Low,usage concentrated in one user; renews in 61 days
ACC-00163,2026-07-01,2026-07,23,38,business,83,2595.22,31142.64,2027-05-20,31,5,10,5,4,10,1,1,0,0,0.0602,1.0,0.2,0,0,,2026-07-29,11,8.0,9.0,true,0,,,323,SummitPartners 070,Financial Services,United States,1-50,outbound,F. Tanaka,true,2023-05-21,1,0.167,Mid-Market,Mature,Casual,false,false,false,false,true,false,true,false,false,false,18,Low,only 6.0% of seats active; uses 1 of 6 feature areas
ACC-00407,2026-07-01,2026-07,23,17,business,51,1506.78,18081.36,2027-02-16,31,9,24,9,7,24,1,4,1,3,0.1765,1.0,0.1111,0,0,,2026-07-30,8,9.333333333333334,5.666666666666667,true,0,,,230,EmberlyDynamics 328,Financial Services,Germany,201-1000,referral,F. Tanaka,true,2025-02-16,1,0.167,Mid-Market,Established,Casual,false,false,false,false,true,false,true,false,false,false,18,Low,only 18.0% of seats active; uses 1 of 6 feature areas
ACC-00240,2026-07-01,2026-07,23,31,starter,19,215.78,2589.36,2026-12-01,31,5,5,3,5,5,1,3,1,1,0.1579,1.67,0.6,0,0,,2026-07-27,9,7.666666666666667,8.666666666666666,true,0,,,153,QuartzAnalytics 119,Professional Services,India,1000+,self_serve,F. Tanaka,true,2023-12-02,1,0.167,Self-Serve,Mature,Casual,false,false,false,false,true,false,true,false,false,false,18,Low,only 16.0% of seats active; uses 1 of 6 feature areas
ACC-00500,2026-07-01,2026-07,23,5,starter,9,92.03,1104.36,2027-02-04,31,3,7,2,3,7,1,1,0,0,0.2222,1.5,0.6667,0,0,,2026-07-30,19,18.0,13.0,true,0,,,218,GraniteGroup 368,Professional Services,United States,1000+,inbound,B. Lindqvist,true,2026-02-04,1,0.167,Self-Serve,Establishing,Casual,false,false,false,false,true,false,true,false,false,false,18,Low,only 22.0% of seats active; uses 1 of 6 feature areas
ACC-00072,2026-07-01,2026-07,23,46,starter,11,138.17,1658.04,2026-09-11,31,10,22,5,7,22,2,3,0,2,0.4545,2.0,0.4,2,2,3.5,2026-07-31,9,7.0,11.333333333333334,true,0,,,72,CedarTechnologies 247,Technology,United Kingdom,1-50,inbound,A. Okafor,true,2022-09-12,2,0.333,Self-Serve,Mature,Casual,false,false,false,false,false,false,false,false,true,true,15,Low,2 high-priority tickets; renews in 72 days
ACC-00305,2026-05-01,2026-05,21,23,enterprise,230,10460.44,125525.28,2026-06-13,31,924,1165,134,31,971,4,11,53,162,0.5826,6.9,0.0768,0,0,,2026-05-31,1021,1032.6666666666667,1211.3333333333333,true,0,-0.095,-0.1475,43,LumenGroup 272,Healthcare,Australia,51-200,inbound,E. Rossi,true,2024-06-13,4,0.667,Enterprise,Established,Power,false,false,false,false,false,false,false,false,false,true,10,Low,renews in 43 days
ACC-00048,2026-07-01,2026-07,23,47,enterprise,237,10039.89,120478.68,2026-08-01,31,1324,1893,94,31,1290,5,13,125,423,0.3966,14.09,0.1956,0,0,,2026-07-31,1004,1127.6666666666667,1050.0,true,0,0.3187,0.074,31,SummitGroup 092,Professional Services,Canada,51-200,inbound,E. Rossi,true,2022-08-02,5,0.833,Enterprise,Mature,Engaged,false,false,false,false,false,false,false,false,false,true,10,Low,renews in 31 days
ACC-00263,2026-07-01,2026-07,23,29,enterprise,156,7716.86,92602.32,2027-02-13,31,558,982,62,31,235,2,4,143,225,0.3974,9.0,0.8405,0,0,,2026-07-31,457,516.6666666666666,470.0,true,0,0.221,0.0993,227,WillowAnalytics 083,Manufacturing,Canada,51-200,referral,F. Tanaka,true,2024-02-14,2,0.333,Enterprise,Mature,Engaged,false,false,false,false,false,true,false,false,false,false,10,Low,usage concentrated in one user
ACC-00323,2026-07-01,2026-07,23,22,enterprise,161,7346.44,88157.28,2026-09-02,31,1682,2725,122,31,1830,5,14,238,454,0.7578,13.79,0.1118,0,0,,2026-07-31,1828,1729.0,1665.0,true,0,-0.0799,0.0384,63,VertexSolutions 402,Financial Services,India,1-50,inbound,H. Nowak,true,2024-09-02,5,0.833,Enterprise,Established,Power,false,false,false,false,false,false,false,false,false,true,10,Low,renews in 63 days
ACC-00471,2026-07-01,2026-07,23,11,enterprise,164,6755.36,81064.32,2026-08-03,31,1885,2787,108,31,1650,6,17,275,506,0.6585,17.45,0.2721,1,0,,2026-07-31,1892,1723.3333333333333,1753.6666666666667,true,0,-0.0037,-0.0173,33,RiverstoneTechnologies 439,Healthcare,United Kingdom,201-1000,inbound,A. Okafor,true,2025-08-03,6,1.0,Enterprise,Establishing,Power,false,false,false,false,false,false,false,false,false,true,10,Low,renews in 33 days
ACC-00303,2026-07-01,2026-07,23,25,enterprise,138,5835.33,70023.96,2027-06-02,31,359,463,40,31,251,5,14,13,78,0.2899,8.98,0.5599,1,0,4.0,2026-07-31,557,437.0,441.0,true,0,-0.3555,-0.0091,336,HalcyonSystems 147,Healthcare,United States,201-1000,outbound,H. Nowak,true,2024-06-02,5,0.833,Enterprise,Mature,Engaged,false,false,false,false,true,false,false,false,false,false,10,Low,only 29.0% of seats active
ACC-00145,2025-03-01,2025-03,7,23,enterprise,101,4950.93,59411.16,2025-04-12,31,300,384,43,30,305,3,8,19,105,0.4257,6.98,0.2128,0,0,,2025-03-31,269,285.3333333333333,251.0,true,0,0.1152,0.1368,42,WillowIndustries 017,Financial Services,India,201-1000,inbound,H. Nowak,true,2023-04-13,3,0.5,Enterprise,Established,Engaged,false,false,false,false,false,false,false,false,false,true,10,Low,renews in 42 days
ACC-00204,2026-07-01,2026-07,23,35,business,124,4348.34,52180.08,2026-08-20,31,808,1139,61,31,835,5,13,37,144,0.4919,13.25,0.1733,0,0,,2026-07-31,709,692.6666666666666,701.3333333333334,true,0,0.1396,-0.0124,50,HalcyonLabs 301,,United States,51-200,inbound,B. Lindqvist,true,2023-08-21,5,0.833,Mid-Market,Mature,Engaged,false,false,false,false,false,false,false,false,false,true,10,Low,renews in 50 days
ACC-00332,2026-07-01,2026-07,23,22,business,117,4017.12,48205.44,2026-09-26,31,659,831,84,31,597,6,17,45,229,0.7179,7.85,0.2473,0,0,,2026-07-31,657,636.0,649.0,true,0,0.003,-0.02,87,WillowLabs 325,Technology,India,201-1000,outbound,C. Moreau,true,2024-09-26,6,1.0,Mid-Market,Established,Power,false,false,false,false,false,false,false,false,false,true,10,Low,renews in 87 days
ACC-00328,2026-07-01,2026-07,23,22,enterprise,90,4012.44,48149.28,2026-09-19,31,550,824,43,31,527,3,6,75,55,0.4778,12.79,0.2327,2,1,,2026-07-31,840,622.6666666666666,386.3333333333333,true,0,-0.3452,0.6117,80,OnyxCollective 408,Technology,Germany,1-50,outbound,F. Tanaka,true,2024-09-19,3,0.5,Enterprise,Established,Engaged,false,false,false,false,false,false,false,false,false,true,10,Low,renews in 80 days
ACC-00311,2026-07-01,2026-07,23,23,business,121,3538.66,42463.92,2026-08-09,31,227,333,69,30,316,4,11,23,55,0.5702,3.29,0.0617,1,0,,2026-07-31,287,244.66666666666666,257.0,true,0,-0.2091,-0.048,39,SolsticeLabs 349,Healthcare,Germany,1000+,self_serve,B. Lindqvist,true,2024-08-09,4,0.667,Mid-Market,Established,Power,false,false,false,false,false,false,false,false,false,true,10,Low,renews in 39 days
ACC-00167,2026-07-01,2026-07,23,38,business,113,3527.91,42334.92,2027-05-26,31,25,58,9,16,56,2,3,6,0,0.0796,2.78,0.64,1,0,,2026-07-31,22,23.333333333333332,25.666666666666668,true,0,0.1364,-0.0909,329,HarborLabs 073,Retail,Australia,51-200,inbound,B. Lindqvist,true,2023-05-27,2,0.333,Mid-Market,Mature,Engaged,false,false,false,false,true,false,false,false,false,false,10,Low,only 8.0% of seats active
ACC-00205,2026-07-01,2026-07,23,35,business,110,3518.94,42227.28,2026-08-20,31,493,721,63,31,610,4,9,80,142,0.5727,7.83,0.0913,1,1,,2026-07-31,447,464.3333333333333,508.6666666666667,true,0,0.1029,-0.0872,50,QuartzIndustries 053,Professional Services,United States,51-200,self_serve,B. Lindqvist,true,2023-08-21,4,0.667,Mid-Market,Mature,Power,false,false,false,false,false,false,false,false,false,true,10,Low,renews in 50 days
ACC-00476,2026-07-01,2026-07,23,11,business,107,3439.07,41268.84,2026-08-20,31,492,762,54,30,591,4,12,46,182,0.5047,9.11,0.1829,0,0,,2026-07-31,400,409.6666666666667,424.0,true,0,0.23,-0.0338,50,QuartzIndustries 317,Financial Services,Australia,1-50,self_serve,H. Nowak,true,2025-08-20,4,0.667,Mid-Market,Establishing,Power,false,false,false,false,false,false,false,false,false,true,10,Low,renews in 50 days
ACC-00330,2026-07-01,2026-07,23,22,business,97,3418.23,41018.76,2026-09-21,31,1704,2280,50,31,1381,6,17,184,434,0.5155,34.08,0.1062,0,0,,2026-07-31,1475,1662.6666666666667,1845.6666666666667,true,0,0.1553,-0.0992,82,WillowLabs 457,Financial Services,United States,1-50,self_serve,C. Moreau,true,2024-09-21,6,1.0,Mid-Market,Established,Power,false,false,false,false,false,false,false,false,false,true,10,Low,renews in 82 days
ACC-00166,2025-05-01,2025-05,9,24,business,111,3354.85,40258.2,2025-05-26,25,272,377,59,25,330,4,12,2,69,0.5315,4.61,0.1587,0,0,,2025-05-25,242,255.66666666666666,311.3333333333333,true,0,0.124,-0.1788,25,PinnacleSystems 231,Retail,Germany,51-200,outbound,B. Lindqvist,true,2023-05-27,4,0.667,Mid-Market,Mature,Power,false,false,false,false,false,false,false,false,false,true,10,Low,renews in 25 days
ACC-00062,2025-08-01,2025-08,12,36,business,87,3056.38,36676.56,2025-08-24,23,294,397,49,23,277,3,6,19,37,0.5632,6.0,0.3503,1,0,,2025-08-23,337,309.3333333333333,336.3333333333333,true,0,-0.1276,-0.0803,23,OnyxSolutions 210,Non-profit,United States,1-50,outbound,D. Sharma,true,2022-08-25,3,0.5,Mid-Market,Mature,Power,false,false,false,false,false,false,false,false,false,true,10,Low,renews in 23 days
ACC-00436,2026-07-01,2026-07,23,15,business,94,3054.13,36649.56,2027-04-05,31,21,48,11,15,44,2,5,1,10,0.117,1.91,0.381,1,1,,2026-07-30,22,24.333333333333332,28.333333333333332,true,0,-0.0455,-0.1412,278,VertexPartners 490,Financial Services,United Kingdom,201-1000,inbound,F. Tanaka,true,2025-04-05,2,0.333,Mid-Market,Established,Engaged,false,false,false,false,true,false,false,false,false,false,10,Low,only 12.0% of seats active
ACC-00496,2026-07-01,2026-07,23,7,business,99,2970.49,35645.88,2026-12-13,31,292,437,35,28,153,3,9,18,81,0.3535,8.34,0.8356,1,0,,2026-07-31,367,337.6666666666667,235.33333333333334,true,0,-0.2044,0.4348,165,CedarAnalytics 335,Technology,Canada,51-200,self_serve,A. Okafor,true,2025-12-13,3,0.5,Mid-Market,Establishing,Engaged,false,false,false,false,false,true,false,false,false,false,10,Low,usage concentrated in one user
ACC-00106,2025-11-01,2025-11,15,35,business,98,2874.54,34494.48,2025-12-10,30,179,298,37,28,264,3,7,11,42,0.3776,4.84,0.1285,0,0,,2025-11-30,262,227.33333333333334,241.0,true,0,-0.3168,-0.0567,39,IronSystems 003,Healthcare,United States,201-1000,partner,H. Nowak,true,2022-12-11,3,0.5,Mid-Market,Mature,Engaged,false,false,false,false,false,false,false,false,false,true,10,Low,renews in 39 days
ACC-00154,2026-07-01,2026-07,23,39,business,93,2824.29,33891.48,2027-04-29,31,15,22,7,12,22,2,5,0,3,0.0753,2.14,0.4,0,0,,2026-07-31,13,13.0,16.0,true,0,,,302,AsterCollective 252,Professional Services,Germany,1-50,referral,B. Lindqvist,true,2023-04-30,2,0.333,Mid-Market,Mature,Engaged,false,false,false,false,true,false,false,false,false,false,10,Low,only 8.0% of seats active
ACC-00076,2026-07-01,2026-07,23,46,business,87,2774.36,33292.32,2026-09-29,31,268,551,46,29,439,3,8,19,93,0.5287,5.83,0.2425,0,0,,2026-07-31,369,291.0,357.3333333333333,true,0,-0.2737,-0.1856,90,WillowAnalytics 215,Technology,United States,1-50,outbound,G. Alvarez,true,2022-09-30,3,0.5,Mid-Market,Mature,Power,false,false,false,false,false,false,false,false,false,true,10,Low,renews in 90 days
ACC-00481,2026-07-01,2026-07,23,10,business,83,2563.36,30760.32,2026-09-15,31,252,344,34,31,280,4,11,17,72,0.4096,7.41,0.2659,0,0,,2026-07-31,244,235.33333333333334,254.0,true,0,0.0328,-0.0735,76,LumenGroup 404,Financial Services,Canada,1-50,partner,A. Okafor,true,2025-09-15,4,0.667,Mid-Market,Establishing,Engaged,false,false,false,false,false,false,false,false,false,true,10,Low,renews in 76 days
ACC-00094,2026-07-01,2026-07,23,44,business,72,2549.64,30595.68,2026-11-15,31,27,39,13,17,39,3,7,0,7,0.1806,2.08,0.2222,1,0,,2026-07-31,21,21.333333333333332,26.333333333333332,true,0,0.2857,-0.1899,137,HalcyonAnalytics 191,Technology,Canada,1000+,self_serve,H. Nowak,true,2022-11-16,3,0.5,Mid-Market,Mature,Engaged,false,false,false,false,true,false,false,false,false,false,10,Low,only 18.0% of seats active
ACC-00060,2024-08-01,2024-08,0,24,business,72,2340.19,28082.28,2024-08-22,21,65,77,22,19,72,3,8,0,16,0.3056,2.95,0.2308,0,0,,2024-08-21,,65.0,,false,0,,,21,IronLabs 025,Professional Services,United States,201-1000,self_serve,G. Alvarez,true,2022-08-23,3,0.5,Mid-Market,Mature,Engaged,false,false,false,false,false,false,false,false,false,true,10,Low,renews in 21 days
ACC-00474,2026-07-01,2026-07,23,11,business,60,2054.84,24658.08,2026-08-12,31,606,832,30,31,422,6,17,56,136,0.5,20.2,0.4109,0,0,,2026-07-31,585,590.0,580.0,true,0,0.0359,0.0172,42,BlueGroup 332,Financial Services,Australia,201-1000,inbound,F. Tanaka,true,2025-08-12,6,1.0,Mid-Market,Establishing,Power,false,false,false,false,false,false,false,false,false,true,10,Low,renews in 42 days
ACC-00245,2025-12-01,2025-12,16,24,business,59,2018.24,24218.88,2025-12-17,16,126,180,31,16,151,6,16,8,32,0.5254,4.06,0.2222,2,1,,2025-12-25,204,185.66666666666666,149.33333333333334,true,0,-0.3824,0.2433,16,OnyxSolutions 078,Healthcare,United States,51-200,inbound,E. Rossi,true,2023-12-18,6,1.0,Mid-Market,Mature,Power,false,false,false,false,false,false,false,false,false,true,10,Low,renews in 16 days
ACC-00066,2026-07-01,2026-07,23,46,business,64,1909.61,22915.32,2026-09-02,31,529,696,31,30,360,5,14,36,151,0.4844,17.06,0.5274,1,0,,2026-07-31,621,512.6666666666666,477.0,true,0,-0.1481,0.0748,63,NorthIndustries 089,Financial Services,United States,1-50,self_serve,D. Sharma,true,2022-09-03,5,0.833,Mid-Market,Mature,Engaged,false,false,false,false,false,false,false,false,false,true,10,Low,renews in 63 days
ACC-00165,2026-07-01,2026-07,23,38,growth,94,1889.68,22676.16,2027-05-22,31,94,133,18,27,116,3,8,5,29,0.1915,5.22,0.3404,0,0,,2026-07-31,70,79.33333333333333,84.33333333333333,true,0,0.3429,-0.0593,325,AsterSolutions 054,Healthcare,Canada,201-1000,partner,E. Rossi,true,2023-05-23,3,0.5,SMB,Mature,Engaged,false,false,false,false,true,false,false,false,false,false,10,Low,only 19.0% of seats active
ACC-00119,2026-07-01,2026-07,23,42,business,59,1757.27,21087.24,2027-01-24,31,166,236,23,28,113,3,8,19,59,0.3898,7.22,0.8434,0,0,,2026-07-31,153,164.0,129.0,true,0,0.085,0.2713,207,CedarIndustries 137,Financial Services,India,1-50,inbound,C. Moreau,true,2023-01-25,3,0.5,Mid-Market,Mature,Engaged,false,false,false,false,false,true,false,false,false,false,10,Low,usage concentrated in one user
ACC-00326,2026-07-01,2026-07,23,22,business,46,1494.17,17930.04,2026-09-05,31,204,281,29,29,255,3,9,3,62,0.6304,7.03,0.1225,1,0,,2026-07-31,199,192.0,192.66666666666666,true,0,0.0251,-0.0035,66,PinnacleSystems 495,Technology,United Kingdom,51-200,outbound,E. Rossi,true,2024-09-05,3,0.5,Mid-Market,Established,Power,false,false,false,false,false,false,false,false,false,true,10,Low,renews in 66 days
ACC-00095,2024-11-01,2024-11,3,24,growth,52,1169.78,14037.36,2024-11-16,15,120,199,19,15,99,3,7,7,18,0.3654,6.32,0.6833,0,0,,2024-11-15,179,138.33333333333334,62.0,true,0,-0.3296,1.2312,15,AsterHoldings 098,Technology,United States,201-1000,partner,G. Alvarez,true,2022-11-17,3,0.5,SMB,Mature,Engaged,false,false,false,false,false,false,false,false,false,true,10,Low,renews in 15 days
ACC-00068,2026-07-01,2026-07,23,46,growth,52,1128.08,13536.96,2026-09-06,31,148,240,26,31,207,2,5,0,22,0.5,5.69,0.3243,0,0,,2026-07-31,133,130.0,122.66666666666667,true,0,0.1128,0.0598,67,QuartzSystems 207,Financial Services,Australia,201-1000,self_serve,B. Lindqvist,true,2022-09-07,2,0.333,SMB,Mature,Power,false,false,false,false,false,false,false,false,false,true,10,Low,renews in 67 days
ACC-00092,2026-07-01,2026-07,23,44,growth,52,995.95,11951.4,2026-11-12,31,133,200,14,29,169,2,4,24,26,0.2692,9.5,0.2406,0,0,,2026-07-31,130,117.0,138.33333333333334,true,0,0.0231,-0.1542,134,QuartzSystems 075,Manufacturing,United States,1-50,inbound,E. Rossi,true,2022-11-13,2,0.333,SMB,Mature,Engaged,false,false,false,false,true,false,false,false,false,false,10,Low,only 27.0% of seats active
ACC-00318,2026-07-01,2026-07,23,23,growth,49,988.29,11859.48,2026-08-23,31,228,356,23,31,158,3,7,39,51,0.4694,9.91,0.75,0,0,,2026-07-31,170,201.0,194.33333333333334,true,0,0.3412,0.0343,53,SummitHoldings 422,Technology,United Kingdom,201-1000,inbound,C. Moreau,true,2024-08-23,3,0.5,SMB,Established,Engaged,false,false,false,false,false,false,false,false,false,true,10,Low,renews in 53 days
ACC-00439,2026-07-01,2026-07,23,15,growth,51,955.98,11471.76,2027-04-16,31,100,136,14,28,101,2,4,0,5,0.2745,7.14,0.59,0,0,,2026-07-31,116,101.66666666666667,117.66666666666667,true,0,-0.1379,-0.136,289,CobaltCollective 480,,United States,1-50,inbound,C. Moreau,true,2025-04-16,2,0.333,SMB,Established,Engaged,false,false,false,false,true,false,false,false,false,false,10,Low,only 27.0% of seats active
ACC-00089,2026-07-01,2026-07,23,44,growth,49,953.42,11441.04,2026-11-03,31,13,21,5,11,20,2,5,3,5,0.102,2.6,0.3846,0,0,,2026-07-30,17,14.333333333333334,12.0,true,0,,,125,RiverstoneTechnologies 175,Technology,United States,1-50,inbound,F. Tanaka,true,2022-11-04,2,0.333,SMB,Mature,Engaged,false,false,false,false,true,false,false,false,false,false,10,Low,only 10.0% of seats active
ACC-00159,2026-07-01,2026-07,23,38,growth,47,936.57,11238.84,2027-05-15,31,59,111,11,24,104,4,10,11,20,0.234,5.36,0.3898,0,0,,2026-07-31,83,68.33333333333333,75.33333333333333,true,0,-0.2892,-0.0929,318,AsterDynamics 076,Non-profit,India,1-50,inbound,H. Nowak,true,2023-05-16,4,0.667,SMB,Mature,Engaged,false,false,false,false,true,false,false,false,false,false,10,Low,only 23.0% of seats active
ACC-00324,2026-07-01,2026-07,23,22,growth,42,932.05,11184.6,2026-09-03,31,84,141,20,24,125,3,6,40,13,0.4762,4.2,0.2857,0,0,,2026-07-31,59,62.333333333333336,65.0,true,0,0.4237,-0.041,64,MeridianIndustries 365,Financial Services,United States,51-200,outbound,A. Okafor,true,2024-09-03,3,0.5,SMB,Established,Engaged,false,false,false,false,false,false,false,false,false,true,10,Low,renews in 64 days
ACC-00195,2026-07-01,2026-07,23,36,growth,44,931.89,11182.68,2027-07-12,31,6,8,6,4,8,2,4,0,1,0.1364,1.0,0.1667,0,0,,2026-07-28,5,5.333333333333333,9.0,true,0,,,376,QuartzTechnologies 163,Technology,United States,51-200,inbound,A. Okafor,true,2023-07-13,2,0.333,SMB,Mature,Casual,false,false,false,false,true,false,false,false,false,false,10,Low,only 14.0% of seats active
ACC-00027,2026-07-01,2026-07,23,50,growth,43,895.73,10748.76,2027-05-21,31,105,197,11,28,142,2,4,8,17,0.2558,9.55,0.5524,0,0,,2026-07-31,106,98.66666666666667,110.0,true,0,-0.0094,-0.103,324,MeridianAnalytics 035,Healthcare,United States,51-200,inbound,F. Tanaka,true,2022-05-22,2,0.333,SMB,Mature,Engaged,false,false,false,false,true,false,false,false,false,false,10,Low,only 26.0% of seats active
ACC-00203,2026-07-01,2026-07,23,35,growth,38,872.59,10471.08,2026-08-18,31,227,389,29,29,279,4,10,32,63,0.7632,7.83,0.3128,0,0,,2026-07-31,239,222.66666666666666,101.66666666666667,true,0,-0.0502,1.1902,48,IronWorks 201,Education,United Kingdom,201-1000,partner,F. Tanaka,true,2023-08-19,4,0.667,SMB,Mature,Power,false,false,false,false,false,false,false,false,false,true,10,Low,renews in 48 days
ACC-00055,2026-07-01,2026-07,23,47,growth,43,829.15,9949.8,2026-08-17,31,475,588,27,31,422,6,17,47,128,0.6279,17.59,0.1979,0,0,,2026-07-31,411,382.3333333333333,382.0,true,0,0.1557,0.0009,47,HarborWorks 249,Healthcare,Germany,1-50,referral,H. Nowak,true,2022-08-18,6,1.0,SMB,Mature,Power,false,false,false,false,false,false,false,false,false,true,10,Low,renews in 47 days
ACC-00367,2026-07-01,2026-07,23,20,growth,37,819.52,9834.24,2026-11-26,31,6,16,6,6,16,3,4,2,1,0.1622,1.0,0.1667,0,0,,2026-07-30,10,7.333333333333333,8.666666666666666,true,0,,,148,VertexDynamics 424,Financial Services,Australia,201-1000,inbound,A. Okafor,true,2024-11-26,3,0.5,SMB,Established,Casual,false,false,false,false,true,false,false,false,false,false,10,Low,only 16.0% of seats active
ACC-00020,2026-07-01,2026-07,23,50,growth,36,817.36,9808.32,2027-05-03,31,12,51,5,9,47,2,3,9,0,0.1389,2.4,0.3333,0,0,,2026-07-31,12,11.333333333333334,18.333333333333332,true,0,,,306,SummitPartners 202,Education,United States,201-1000,self_serve,G. Alvarez,true,2022-05-04,2,0.333,SMB,Mature,Engaged,false,false,false,false,true,false,false,false,false,false,10,Low,only 14.0% of seats active
ACC-00433,2026-07-01,2026-07,23,16,growth,39,791.65,9499.8,2027-03-31,31,17,33,7,14,33,2,5,2,4,0.1795,2.43,0.3529,1,0,,2026-07-30,17,14.333333333333334,19.333333333333332,true,0,,,273,AsterDynamics 340,Healthcare,Germany,1-50,inbound,C. Moreau,true,2025-03-31,2,0.333,SMB,Established,Engaged,false,false,false,false,true,false,false,false,false,false,10,Low,only 18.0% of seats active
ACC-00357,2026-07-01,2026-07,23,20,growth,40,785.4,9424.8,2026-11-05,31,62,116,11,23,82,3,9,2,20,0.275,5.64,0.6613,1,0,,2026-07-31,82,75.66666666666667,78.33333333333333,true,0,-0.2439,-0.034,127,CedarWorks 357,Manufacturing,United Kingdom,1-50,self_serve,F. Tanaka,true,2024-11-05,3,0.5,SMB,Established,Engaged,false,false,false,false,true,false,false,false,false,false,10,Low,only 28.0% of seats active
ACC-00073,2026-07-01,2026-07,23,46,growth,36,730.37,8764.44,2026-09-11,31,96,141,15,27,127,6,16,8,36,0.4167,6.4,0.4063,0,0,,2026-07-31,127,125.33333333333333,124.66666666666667,true,0,-0.2441,0.0053,72,EmberlySolutions 042,Healthcare,United States,1-50,outbound,A. Okafor,true,2022-09-12,6,1.0,SMB,Mature,Engaged,false,false,false,false,false,false,false,false,false,true,10,Low,renews in 72 days
ACC-00063,2026-07-01,2026-07,23,47,growth,37,722.43,8669.16,2026-08-24,31,146,293,28,28,185,3,6,32,33,0.7568,5.21,0.6027,1,0,,2026-07-31,215,161.66666666666666,171.66666666666666,true,0,-0.3209,-0.0583,54,VertexHoldings 050,Education,Germany,201-1000,outbound,C. Moreau,true,2022-08-25,3,0.5,SMB,Mature,Power,false,false,false,false,false,false,false,false,false,true,10,Low,renews in 54 days
ACC-00287,2026-07-01,2026-07,23,27,growth,31,703.67,8444.04,2027-04-15,31,3,5,3,3,5,3,3,0,2,0.0968,1.0,0.3333,0,0,,2026-07-29,5,4.666666666666667,3.0,true,0,,,288,NorthLabs 133,Non-profit,United States,51-200,partner,C. Moreau,true,2024-04-15,3,0.5,SMB,Mature,Casual,false,false,false,false,true,false,false,false,false,false,10,Low,only 10.0% of seats active
ACC-00071,2026-07-01,2026-07,23,46,growth,30,677.13,8125.56,2026-09-11,31,47,66,19,22,62,3,7,6,19,0.6333,2.47,0.1702,0,0,,2026-07-31,56,48.333333333333336,48.666666666666664,true,0,-0.1607,-0.0068,72,CorvusSolutions 234,Education,India,51-200,partner,B. Lindqvist,true,2022-09-12,3,0.5,SMB,Mature,Power,false,false,false,false,false,false,false,false,false,true,10,Low,renews in 72 days
ACC-00103,2024-11-01,2024-11,3,23,growth,32,624.97,7499.64,2024-12-02,30,186,209,25,28,158,3,8,0,38,0.7813,7.44,0.3548,0,0,,2024-11-30,186,163.66666666666666,53.0,true,0,0.0,2.0881,31,WillowWorks 237,Technology,Australia,1-50,self_serve,B. Lindqvist,true,2022-12-03,3,0.5,SMB,Established,Power,false,false,false,false,false,false,false,false,false,true,10,Low,renews in 31 days
ACC-00290,2026-04-01,2026-04,20,24,growth,29,601.34,7216.08,2026-04-19,18,130,174,14,25,124,4,10,5,39,0.4828,9.29,0.6231,0,0,,2026-04-30,132,146.0,171.66666666666666,true,0,-0.0152,-0.1495,18,HarborTechnologies 007,Non-profit,Canada,1-50,partner,F. Tanaka,true,2024-04-19,4,0.667,SMB,Mature,Engaged,false,false,false,false,false,false,false,false,false,true,10,Low,renews in 18 days
ACC-00206,2026-07-01,2026-07,23,35,growth,27,570.64,6847.68,2026-08-22,31,88,143,27,24,137,2,5,0,18,1.0,3.26,0.125,1,1,,2026-07-31,87,92.33333333333333,88.0,true,0,0.0115,0.0492,52,CobaltHoldings 194,Retail,United States,51-200,outbound,B. Lindqvist,true,2023-08-23,2,0.333,SMB,Mature,Power,false,false,false,false,false,false,false,false,false,true,10,Low,renews in 52 days
ACC-00015,2026-07-01,2026-07,23,51,growth,28,533.01,6396.12,2027-04-08,31,23,36,8,12,35,3,7,0,5,0.2857,2.88,0.3913,1,0,,2026-07-30,34,30.333333333333332,26.666666666666668,true,0,-0.3235,0.1375,281,KestrelPartners 286,Healthcare,Australia,1-50,inbound,G. Alvarez,true,2022-04-09,3,0.5,SMB,Mature,Engaged,false,false,false,false,true,false,false,false,false,false,10,Low,only 29.0% of seats active
ACC-00061,2026-07-01,2026-07,23,47,growth,22,475.17,5702.04,2026-08-23,31,59,74,10,23,63,4,7,10,13,0.4545,5.9,0.3898,0,0,,2026-07-31,80,85.0,97.33333333333333,true,0,-0.2625,-0.1267,53,SolsticeAnalytics 107,Non-profit,United States,1-50,outbound,A. Okafor,true,2022-08-24,4,0.667,SMB,Mature,Engaged,false,false,false,false,false,false,false,false,false,true,10,Low,renews in 53 days
ACC-00086,2026-07-01,2026-07,23,44,growth,23,452.09,5425.08,2026-10-31,31,10,10,4,8,10,2,4,0,3,0.1739,2.5,0.6,0,0,,2026-07-31,12,8.666666666666666,12.0,true,0,,,122,EmberlyHoldings 086,Healthcare,United Kingdom,51-200,referral,A. Okafor,true,2022-11-01,2,0.333,SMB,Mature,Engaged,false,false,false,false,true,false,false,false,false,false,10,Low,only 17.0% of seats active
ACC-00057,2026-07-01,2026-07,23,47,growth,23,447.04,5364.48,2026-08-20,31,256,349,12,31,240,5,13,19,70,0.5217,21.33,0.3516,0,0,,2026-07-31,251,259.0,261.0,true,0,0.0199,-0.0077,50,VertexDynamics 160,Retail,United States,1-50,self_serve,F. Tanaka,true,2022-08-21,5,0.833,SMB,Mature,Power,false,false,false,false,false,false,false,false,false,true,10,Low,renews in 50 days
ACC-00350,2026-07-01,2026-07,23,21,growth,20,441.16,5293.92,2026-10-27,31,21,26,5,14,25,2,4,0,3,0.25,4.2,0.4286,0,0,,2026-07-31,22,20.666666666666668,25.0,true,0,-0.0455,-0.1733,118,MeridianWorks 453,Education,United States,51-200,referral,E. Rossi,true,2024-10-27,2,0.333,SMB,Established,Engaged,false,false,false,false,true,false,false,false,false,false,10,Low,only 25.0% of seats active
ACC-00477,2026-07-01,2026-07,23,11,growth,22,425.25,5103.0,2026-08-24,31,553,716,13,31,431,5,15,40,158,0.5909,42.54,0.2278,1,0,,2026-07-31,371,406.0,324.6666666666667,true,0,0.4906,0.2505,54,AsterSolutions 318,Professional Services,India,51-200,partner,H. Nowak,true,2025-08-24,5,0.833,SMB,Establishing,Power,false,false,false,false,false,false,false,false,false,true,10,Low,renews in 54 days
ACC-00473,2026-07-01,2026-07,23,11,growth,20,399.04,4788.48,2026-08-11,31,94,128,10,28,106,4,9,17,13,0.5,9.4,0.4468,1,0,,2026-07-31,125,106.66666666666667,114.0,true,0,-0.248,-0.0643,41,NorthAnalytics 419,Manufacturing,United Kingdom,201-1000,outbound,B. Lindqvist,true,2025-08-11,4,0.667,SMB,Establishing,Power,false,false,false,false,false,false,false,false,false,true,10,Low,renews in 41 days
ACC-00047,2026-07-01,2026-07,23,47,growth,18,393.95,4727.4,2026-08-01,31,484,686,14,31,303,5,13,57,70,0.7778,34.57,0.407,0,0,,2026-07-31,523,464.6666666666667,373.0,true,0,-0.0746,0.2458,31,HalcyonTechnologies 103,Technology,United Kingdom,1000+,partner,H. Nowak,true,2022-08-02,5,0.833,SMB,Mature,Power,false,false,false,false,false,false,false,false,false,true,10,Low,renews in 31 days
ACC-00197,2026-07-01,2026-07,23,36,starter,26,287.67,3452.04,2027-07-17,31,129,171,7,26,97,6,16,11,24,0.2692,18.43,0.7907,0,0,,2026-07-31,135,131.33333333333334,111.33333333333333,true,0,-0.0444,0.1796,381,CedarSystems 027,Financial Services,Canada,51-200,partner,B. Lindqvist,true,2023-07-18,6,1.0,Self-Serve,Mature,Engaged,false,false,false,false,true,false,false,false,false,false,10,Low,only 27.0% of seats active
ACC-00222,2026-07-01,2026-07,23,33,starter,24,250.85,3010.2,2026-10-11,31,48,68,7,24,67,4,12,9,16,0.2917,6.86,0.3125,0,0,,2026-07-31,57,47.333333333333336,53.333333333333336,true,0,-0.1579,-0.1125,102,SummitDynamics 136,Healthcare,Australia,1-50,self_serve,G. Alvarez,true,2023-10-12,4,0.667,Self-Serve,Mature,Engaged,false,false,false,false,true,false,false,false,false,false,10,Low,only 29.0% of seats active
ACC-00085,2024-10-01,2024-10,2,24,starter,20,244.45,2933.4,2024-10-28,27,38,76,11,21,75,3,7,1,13,0.55,3.45,0.2105,0,0,,2024-10-25,33,28.333333333333332,,true,0,0.1515,,27,IronTechnologies 223,Technology,Australia,201-1000,partner,A. Okafor,true,2022-10-29,3,0.5,Self-Serve,Mature,Power,false,false,false,false,false,false,false,false,false,true,10,Low,renews in 27 days
ACC-00153,2026-04-01,2026-04,20,36,starter,23,242.72,2912.64,2026-04-28,27,29,42,10,15,39,4,8,4,10,0.4348,2.9,0.3103,0,0,,2026-04-27,31,35.0,34.666666666666664,true,0,-0.0645,0.0096,27,CedarAnalytics 203,Healthcare,United States,1-50,outbound,D. Sharma,true,2023-04-29,4,0.667,Self-Serve,Mature,Engaged,false,false,false,false,false,false,false,false,false,true,10,Low,renews in 27 days
ACC-00482,2026-07-01,2026-07,23,10,starter,18,196.96,2363.52,2026-09-22,31,203,254,12,28,207,6,17,17,47,0.6667,16.92,0.266,0,0,,2026-07-31,162,168.33333333333334,172.33333333333334,true,0,0.2531,-0.0232,83,PinnacleTechnologies 451,Technology,United Kingdom,51-200,self_serve,A. Okafor,true,2025-09-22,6,1.0,Self-Serve,Establishing,Power,false,false,false,false,false,false,false,false,false,true,10,Low,renews in 83 days
ACC-00421,2026-07-01,2026-07,23,16,starter,17,194.52,2334.24,2027-03-14,31,4,11,2,4,11,3,4,1,1,0.1176,2.0,0.75,0,0,,2026-07-30,10,6.333333333333333,13.333333333333334,true,0,,,256,OnyxHoldings 386,Financial Services,United Kingdom,1-50,inbound,F. Tanaka,true,2025-03-14,3,0.5,Self-Serve,Established,Casual,false,false,false,false,true,false,false,false,false,false,10,Low,only 12.0% of seats active
ACC-00223,2025-09-01,2025-09,13,23,starter,16,186.46,2237.52,2025-10-13,30,26,47,7,16,40,4,9,0,6,0.4375,3.71,0.3846,1,0,,2025-09-30,34,30.0,31.666666666666668,true,0,-0.2353,-0.0526,42,CorvusPartners 190,Financial Services,Australia,201-1000,partner,E. Rossi,true,2023-10-14,4,0.667,Self-Serve,Established,Engaged,false,false,false,false,false,false,false,false,false,true,10,Low,renews in 42 days
ACC-00479,2026-07-01,2026-07,23,10,starter,15,183.26,2199.12,2026-09-06,31,100,133,8,26,101,6,16,8,25,0.5333,12.5,0.52,0,0,,2026-07-31,84,88.66666666666667,78.66666666666667,true,0,0.1905,0.1271,67,SummitCollective 444,Technology,United States,201-1000,inbound,F. Tanaka,true,2025-09-06,6,1.0,Self-Serve,Establishing,Power,false,false,false,false,false,false,false,false,false,true,10,Low,renews in 67 days
ACC-00199,2026-07-01,2026-07,23,35,starter,16,175.06,2100.72,2026-08-05,31,75,123,11,27,115,2,4,11,15,0.6875,6.82,0.2,1,0,,2026-07-31,61,67.0,61.0,true,0,0.2295,0.0984,35,OnyxGroup 188,Professional Services,United States,1-50,inbound,F. Tanaka,true,2023-08-06,2,0.333,Self-Serve,Mature,Power,false,false,false,false,false,false,false,false,false,true,10,Low,renews in 35 days
ACC-00213,2026-07-01,2026-07,23,34,starter,14,174.99,2099.88,2026-09-17,31,369,472,13,30,199,6,16,17,114,0.9286,28.38,0.6965,1,0,,2026-07-31,324,361.6666666666667,336.3333333333333,true,0,0.1389,0.0753,78,LumenSolutions 294,Technology,Germany,201-1000,partner,E. Rossi,true,2023-09-18,6,1.0,Self-Serve,Mature,Power,false,false,false,false,false,false,false,false,false,true,10,Low,renews in 78 days
ACC-00302,2026-07-01,2026-07,23,26,starter,15,174.88,2098.56,2027-05-31,31,9,16,3,7,14,2,4,1,3,0.2,3.0,0.7778,0,0,,2026-07-31,6,8.666666666666666,6.333333333333333,true,0,,,334,HarborWorks 117,Financial Services,Canada,1-50,partner,E. Rossi,true,2024-05-31,2,0.333,Self-Serve,Mature,Casual,false,false,false,false,true,false,false,false,false,false,10,Low,only 20.0% of seats active
ACC-00198,2026-07-01,2026-07,23,36,starter,14,172.56,2070.72,2027-07-30,31,18,35,4,15,35,2,4,0,5,0.2857,4.5,0.5,1,1,,2026-07-31,14,17.0,15.666666666666666,true,0,,,394,VertexPartners 094,Manufacturing,United Kingdom,201-1000,partner,B. Lindqvist,true,2023-07-31,2,0.333,Self-Serve,Mature,Engaged,false,false,false,false,true,false,false,false,false,false,10,Low,only 29.0% of seats active
ACC-00470,2026-07-01,2026-07,23,11,starter,14,161.76,1941.12,2026-08-01,31,198,247,12,31,178,5,13,16,36,0.8571,16.5,0.4697,1,0,,2026-07-31,155,150.0,148.0,true,0,0.2774,0.0135,31,QuartzAnalytics 383,Retail,Germany,1-50,referral,F. Tanaka,true,2025-08-01,5,0.833,Self-Serve,Establishing,Power,false,false,false,false,false,false,false,false,false,true,10,Low,renews in 31 days
ACC-00117,2026-07-01,2026-07,23,42,starter,15,155.56,1866.72,2027-01-16,31,7,8,3,7,8,2,5,0,5,0.2,2.33,0.5714,0,0,,2026-07-30,7,7.333333333333333,13.333333333333334,true,0,,,199,CedarIndustries 269,Education,Germany,1000+,referral,F. Tanaka,true,2023-01-17,2,0.333,Self-Serve,Mature,Casual,false,false,false,false,true,false,false,false,false,false,10,Low,only 20.0% of seats active
ACC-00122,2026-01-01,2026-01,17,35,starter,14,149.46,1793.52,2026-02-09,31,9,22,6,6,22,3,6,5,3,0.4286,1.5,0.2222,0,0,,2026-01-30,15,12.666666666666666,10.333333333333334,true,0,,,39,KestrelHoldings 242,Technology,United States,1-50,partner,B. Lindqvist,true,2023-02-10,3,0.5,Self-Serve,Mature,Casual,false,false,false,false,false,false,false,false,false,true,10,Low,renews in 39 days
ACC-00228,2026-07-01,2026-07,23,33,starter,13,147.49,1769.88,2026-10-25,31,215,297,5,29,128,6,17,30,67,0.3846,43.0,0.8186,2,0,2.0,2026-07-31,182,205.0,154.33333333333334,true,0,0.1813,0.3283,116,LumenCollective 096,Healthcare,Germany,1-50,outbound,E. Rossi,true,2023-10-26,6,1.0,Self-Serve,Mature,Engaged,false,false,false,false,false,true,false,false,false,false,10,Low,usage concentrated in one user
ACC-00366,2026-07-01,2026-07,23,20,starter,12,142.74,1712.88,2026-11-25,31,150,185,5,30,90,6,17,17,33,0.4167,30.0,0.8867,0,0,,2026-07-31,104,124.66666666666667,88.66666666666667,true,0,0.4423,0.406,147,RiverstoneSystems 351,Financial Services,United States,51-200,self_serve,G. Alvarez,true,2024-11-25,6,1.0,Self-Serve,Established,Engaged,false,false,false,false,false,true,false,false,false,false,10,Low,usage concentrated in one user
ACC-00239,2026-07-01,2026-07,23,32,starter,12,133.04,1596.48,2026-11-17,31,6,11,3,5,10,2,3,0,1,0.25,2.0,0.6667,0,0,,2026-07-24,7,5.0,9.333333333333334,true,0,,,139,MeridianTechnologies 211,Technology,United States,201-1000,self_serve,C. Moreau,true,2023-11-18,2,0.333,Self-Serve,Mature,Casual,false,false,false,false,true,false,false,false,false,false,10,Low,only 25.0% of seats active
ACC-00216,2026-07-01,2026-07,23,34,starter,12,132.17,1586.04,2026-09-22,31,21,38,5,14,37,3,8,2,7,0.4167,4.2,0.4286,0,0,,2026-07-31,17,22.333333333333332,27.666666666666668,true,0,,-0.1928,83,KestrelSolutions 066,Retail,United States,1-50,referral,E. Rossi,true,2023-09-23,3,0.5,Self-Serve,Mature,Engaged,false,false,false,false,false,false,false,false,false,true,10,Low,renews in 83 days
ACC-00109,2026-07-01,2026-07,23,43,starter,12,127.25,1527.0,2026-12-19,31,74,120,5,25,67,2,5,2,26,0.4167,14.8,0.9459,0,0,,2026-07-31,110,85.0,71.33333333333333,true,0,-0.3273,0.1916,171,SummitHoldings 026,Technology,United States,201-1000,partner,E. Rossi,true,2022-12-20,2,0.333,Self-Serve,Mature,Engaged,false,false,false,false,false,true,false,false,false,false,10,Low,usage concentrated in one user
ACC-00209,2026-07-01,2026-07,23,34,starter,11,115.91,1390.92,2026-09-04,31,29,49,7,18,47,4,9,1,12,0.6364,4.14,0.5862,1,1,1.0,2026-07-30,32,31.0,34.0,true,0,-0.0938,-0.0882,65,SummitDynamics 268,,United States,1-50,self_serve,H. Nowak,true,2023-09-05,4,0.667,Self-Serve,Mature,Power,false,false,false,false,false,false,false,false,false,true,10,Low,renews in 65 days
ACC-00331,2026-07-01,2026-07,23,22,starter,9,112.84,1354.08,2026-09-25,31,30,48,3,18,40,2,3,2,3,0.3333,10.0,0.7333,0,0,,2026-07-31,27,29.333333333333332,30.0,true,0,0.1111,-0.0222,86,IronLabs 421,Financial Services,India,51-200,outbound,C. Moreau,true,2024-09-25,2,0.333,Self-Serve,Established,Engaged,false,false,false,false,false,false,false,false,false,true,10,Low,renews in 86 days
ACC-00333,2026-07-01,2026-07,23,22,starter,10,107.93,1295.16,2026-09-28,31,12,20,4,7,18,3,5,0,1,0.4,3.0,0.4167,1,1,,2026-07-30,15,12.333333333333334,18.333333333333332,true,0,,,89,QuartzTechnologies 427,Technology,United Kingdom,51-200,referral,D. Sharma,true,2024-09-28,3,0.5,Self-Serve,Established,Casual,false,false,false,false,false,false,false,false,false,true,10,Low,renews in 89 days
ACC-00049,2026-07-01,2026-07,23,47,starter,9,105.71,1268.52,2026-08-08,31,22,31,3,17,29,4,8,1,4,0.3333,7.33,0.4545,0,0,,2026-07-31,25,22.333333333333332,18.333333333333332,true,0,-0.12,,38,WillowWorks 105,Technology,United States,51-200,referral,G. Alvarez,true,2022-08-09,4,0.667,Self-Serve,Mature,Engaged,false,false,false,false,false,false,false,false,false,true,10,Low,renews in 38 days
ACC-00053,2026-07-01,2026-07,23,47,starter,8,100.7,1208.4,2026-08-15,31,19,42,5,12,39,2,4,0,4,0.625,3.8,0.6316,0,0,,2026-07-31,22,24.333333333333332,29.666666666666668,true,0,-0.1364,-0.1798,45,HalcyonWorks 213,,India,51-200,outbound,F. Tanaka,true,2022-08-16,2,0.333,Self-Serve,Mature,Power,false,false,false,false,false,false,false,false,false,true,10,Low,renews in 45 days
ACC-00191,2026-07-01,2026-07,23,36,starter,7,86.27,1035.24,2027-07-04,31,30,39,4,16,32,5,11,2,4,0.5714,7.5,0.8333,1,1,5.0,2026-07-30,33,33.333333333333336,36.0,true,0,-0.0909,-0.0741,368,PinnacleAnalytics 275,Retail,United States,1-50,partner,G. Alvarez,true,2023-07-05,5,0.833,Self-Serve,Mature,Power,false,false,false,false,false,true,false,false,false,false,10,Low,usage concentrated in one user
ACC-00485,2026-07-01,2026-07,23,9,starter,6,70.35,844.2,2026-10-01,31,34,55,3,20,45,3,10,2,11,0.5,11.33,0.9118,0,0,,2026-07-30,45,43.333333333333336,39.0,true,0,-0.2444,0.1111,92,SummitSolutions 378,Non-profit,United Kingdom,1000+,referral,D. Sharma,true,2025-10-01,3,0.5,Self-Serve,Establishing,Power,false,false,false,false,false,true,false,false,false,false,10,Low,usage concentrated in one user
ACC-00069,2026-07-01,2026-07,23,46,starter,6,67.57,810.84,2026-09-08,31,33,50,5,18,44,2,4,0,6,0.8333,6.6,0.5152,0,0,,2026-07-31,34,30.333333333333332,30.0,true,0,-0.0294,0.0111,69,CorvusHoldings 014,Non-profit,United States,1000+,partner,H. Nowak,true,2022-09-09,2,0.333,Self-Serve,Mature,Power,false,false,false,false,false,false,false,false,false,true,10,Low,renews in 69 days
ACC-00043,2026-07-01,2026-07,23,48,starter,6,65.23,782.76,2027-07-18,31,26,34,2,16,27,3,8,0,7,0.3333,13.0,0.9615,1,0,,2026-07-31,33,26.0,23.0,true,0,-0.2121,0.1304,382,WillowIndustries 149,Retail,United States,51-200,self_serve,G. Alvarez,true,2022-07-19,3,0.5,Self-Serve,Mature,Engaged,false,false,false,false,false,true,false,false,false,false,10,Low,usage concentrated in one user
ACC-00127,2026-07-01,2026-07,23,41,starter,4,48.62,583.44,2027-02-23,31,13,21,2,11,21,2,6,1,9,0.5,6.5,0.8462,0,0,,2026-07-31,18,16.0,16.0,true,0,,,237,VertexGroup 116,Technology,United Kingdom,51-200,inbound,A. Okafor,true,2023-02-24,2,0.333,Self-Serve,Mature,Engaged,false,false,false,false,false,true,false,false,false,false,10,Low,usage concentrated in one user
ACC-00180,2026-07-01,2026-07,23,37,starter,3,34.77,417.24,2027-06-14,31,5,8,1,5,8,3,3,1,0,0.3333,5.0,1.0,0,0,,2026-07-24,4,4.0,4.333333333333333,true,0,,,348,RiverstoneWorks 285,Healthcare,United States,201-1000,self_serve,G. Alvarez,true,2023-06-15,3,0.5,Self-Serve,Mature,Casual,false,false,false,false,false,true,false,false,false,false,10,Low,usage concentrated in one user
ACC-00042,2026-07-01,2026-07,23,48,enterprise,328,13903.63,166843.56,2027-07-17,31,519,705,102,31,569,5,15,23,126,0.311,5.09,0.2004,2,0,,2026-07-31,483,516.0,586.6666666666666,true,0,0.0745,-0.1205,381,VertexDynamics 028,Technology,United States,51-200,outbound,C. Moreau,true,2022-07-18,5,0.833,Enterprise,Mature,Engaged,false,false,false,false,false,false,false,false,false,false,0,Low,
ACC-00025,2026-07-01,2026-07,23,50,enterprise,257,11656.08,139872.96,2027-05-14,31,1349,1894,154,31,1184,5,14,132,306,0.5992,8.76,0.2824,1,0,,2026-07-31,1716,1457.0,1512.3333333333333,true,0,-0.2139,-0.0366,317,CobaltDynamics 304,Retail,Canada,1-50,self_serve,H. Nowak,true,2022-05-15,5,0.833,Enterprise,Mature,Power,false,false,false,false,false,false,false,false,false,false,0,Low,
ACC-00182,2026-07-01,2026-07,23,37,enterprise,257,11114.93,133379.16,2027-06-16,31,540,702,98,31,600,4,10,44,89,0.3813,5.51,0.0963,1,0,,2026-07-31,715,596.6666666666666,588.6666666666666,true,0,-0.2448,0.0136,350,SummitDynamics 004,Retail,United Kingdom,1000+,partner,B. Lindqvist,true,2023-06-17,4,0.667,Enterprise,Mature,Engaged,false,false,false,false,false,false,false,false,false,false,0,Low,
ACC-00301,2026-07-01,2026-07,23,26,enterprise,204,9857.84,118294.08,2027-05-27,31,342,492,87,30,394,5,14,81,130,0.4265,3.93,0.2807,1,0,,2026-07-31,326,351.0,386.0,true,0,0.0491,-0.0907,330,LumenPartners 250,Healthcare,Australia,51-200,outbound,D. Sharma,true,2024-05-27,5,0.833,Enterprise,Mature,Engaged,false,false,false,false,false,false,false,false,false,false,0,Low,
ACC-00140,2026-07-01,2026-07,23,40,enterprise,210,9486.24,113834.88,2027-03-15,31,837,1133,106,31,946,4,12,30,191,0.5048,7.9,0.086,1,0,5.0,2026-07-31,569,751.3333333333334,861.6666666666666,true,0,0.471,-0.128,257,HarborIndustries 029,Retail,India,1-50,outbound,F. Tanaka,true,2023-03-16,4,0.667,Enterprise,Mature,Power,false,false,false,false,false,false,false,false,false,false,0,Low,
ACC-00334,2026-07-01,2026-07,23,21,enterprise,192,9312.78,111753.36,2026-10-01,31,1227,1639,108,31,1191,6,17,98,365,0.5625,11.36,0.1907,0,0,,2026-07-31,1025,1051.0,1094.0,true,0,0.1971,-0.0393,92,BlueGroup 464,Retail,United States,1-50,self_serve,H. Nowak,true,2024-10-01,6,1.0,Enterprise,Established,Power,false,false,false,false,false,false,false,false,false,false,0,Low,
ACC-00277,2026-07-01,2026-07,23,28,enterprise,190,9294.27,111531.24,2027-03-25,31,1483,2100,130,31,1600,6,17,114,398,0.6842,11.41,0.0809,0,0,,2026-07-31,1527,1574.3333333333333,1601.0,true,0,-0.0288,-0.0167,267,AsterCollective 120,Financial Services,United Kingdom,1-50,self_serve,E. Rossi,true,2024-03-25,6,1.0,Enterprise,Mature,Power,false,false,false,false,false,false,false,false,false,false,0,Low,
ACC-00426,2026-07-01,2026-07,23,16,enterprise,191,8971.97,107663.64,2027-03-21,31,1492,1980,135,31,1151,5,15,137,355,0.7068,11.05,0.1997,1,0,4.0,2026-07-31,1697,1442.0,1576.3333333333333,true,0,-0.1208,-0.0852,263,HarborTechnologies 403,Professional Services,United States,201-1000,inbound,A. Okafor,true,2025-03-21,5,0.833,Enterprise,Established,Power,false,false,false,false,false,false,false,false,false,false,0,Low,
ACC-00010,2026-07-01,2026-07,23,52,enterprise,171,8478.21,101738.52,2027-03-20,31,1530,2016,92,31,1375,6,17,131,403,0.538,16.63,0.1046,0,0,,2026-07-31,1651,1548.6666666666667,1804.0,true,0,-0.0733,-0.1415,262,SolsticeSystems 195,Healthcare,United States,1-50,partner,E. Rossi,true,2022-03-21,6,1.0,Enterprise,Mature,Power,false,false,false,false,false,false,false,false,false,false,0,Low,
ACC-00427,2026-07-01,2026-07,23,16,enterprise,200,8307.6,99691.2,2027-03-22,31,1045,1362,90,31,938,6,17,88,268,0.45,11.61,0.222,0,0,,2026-07-31,907,961.3333333333334,1146.6666666666667,true,0,0.1521,-0.1616,264,SummitPartners 466,Technology,United States,1-50,inbound,F. Tanaka,true,2025-03-22,6,1.0,Enterprise,Established,Engaged,false,false,false,false,false,false,false,false,false,false,0,Low,
ACC-00422,2026-07-01,2026-07,23,16,enterprise,178,8162.25,97947.0,2027-03-15,31,2707,3422,120,31,2385,6,17,370,685,0.6742,22.56,0.0491,1,0,,2026-07-31,3250,2973.6666666666665,2644.0,true,0,-0.1671,0.1247,257,AsterHoldings 362,Retail,Canada,51-200,partner,C. Moreau,true,2025-03-15,6,1.0,Enterprise,Established,Power,false,false,false,false,false,false,false,false,false,false,0,Low,
ACC-00371,2026-07-01,2026-07,23,20,enterprise,184,7751.54,93018.48,2026-11-28,31,2395,2975,148,31,1487,5,15,144,604,0.8043,16.18,0.202,0,0,,2026-07-31,3700,2869.6666666666665,2617.0,true,0,-0.3527,0.0965,150,HarborSystems 447,Professional Services,Australia,201-1000,inbound,A. Okafor,true,2024-11-28,5,0.833,Enterprise,Established,Power,false,false,false,false,false,false,false,false,false,false,0,Low,
ACC-00415,2026-07-01,2026-07,23,16,enterprise,171,7739.34,92872.08,2027-03-04,31,425,668,96,31,583,3,7,39,82,0.5614,4.43,0.1153,0,0,,2026-07-31,529,492.6666666666667,465.3333333333333,true,0,-0.1966,0.0587,246,RiverstoneAnalytics 395,Technology,United States,201-1000,self_serve,A. Okafor,true,2025-03-04,3,0.5,Enterprise,Established,Power,false,false,false,false,false,false,false,false,false,false,0,Low,
ACC-00416,2026-07-01,2026-07,23,16,enterprise,176,7202.64,86431.68,2027-03-05,31,1219,1556,112,31,911,5,13,141,379,0.6364,10.88,0.3618,0,0,,2026-07-31,831,1015.0,1294.6666666666667,true,0,0.4669,-0.216,247,VertexHoldings 314,Non-profit,United Kingdom,51-200,self_serve,C. Moreau,true,2025-03-05,5,0.833,Enterprise,Established,Power,false,false,false,false,false,false,false,false,false,false,0,Low,
ACC-00354,2026-07-01,2026-07,23,20,enterprise,149,7045.81,84549.72,2026-11-03,31,412,532,78,31,458,5,13,54,111,0.5235,5.28,0.1359,0,0,,2026-07-31,530,505.3333333333333,669.3333333333334,true,0,-0.2226,-0.245,125,NorthWorks 441,Financial Services,United States,1-50,partner,H. Nowak,true,2024-11-03,5,0.833,Enterprise,Established,Power,false,false,false,false,false,false,false,false,false,false,0,Low,
ACC-00282,2026-07-01,2026-07,23,27,enterprise,149,7032.03,84384.36,2027-04-10,31,1419,1894,125,31,1522,6,17,127,427,0.8389,11.35,0.0677,0,0,,2026-07-31,1374,1339.3333333333333,1334.6666666666667,true,0,0.0328,0.0035,283,EmberlyHoldings 218,Education,United States,1-50,inbound,H. Nowak,true,2024-04-10,6,1.0,Enterprise,Mature,Power,false,false,false,false,false,false,false,false,false,false,0,Low,
ACC-00152,2026-07-01,2026-07,23,39,enterprise,149,6970.16,83641.92,2027-04-27,31,743,1030,88,31,587,5,14,52,163,0.5906,8.44,0.2799,1,0,,2026-07-31,520,662.0,738.3333333333334,true,0,0.4288,-0.1034,300,QuartzIndustries 185,Financial Services,United States,1-50,partner,B. Lindqvist,true,2023-04-28,5,0.833,Enterprise,Mature,Power,false,false,false,false,false,false,false,false,false,false,0,Low,
ACC-00276,2026-07-01,2026-07,23,28,enterprise,149,6666.99,80003.88,2027-03-22,31,1958,2627,105,31,1665,5,15,89,495,0.7047,18.65,0.1525,1,0,,2026-07-31,2397,2068.0,1782.3333333333333,true,0,-0.1831,0.1603,264,KestrelSolutions 198,Manufacturing,Canada,201-1000,inbound,D. Sharma,true,2024-03-22,5,0.833,Enterprise,Mature,Power,false,false,false,false,false,false,false,false,false,false,0,Low,
ACC-00002,2026-07-01,2026-07,23,53,enterprise,135,6258.58,75102.96,2027-02-19,31,418,858,56,31,539,3,7,81,121,0.4148,7.46,0.2464,0,0,,2026-07-31,477,440.6666666666667,409.0,true,0,-0.1237,0.0774,233,MeridianLabs 145,Education,United States,51-200,outbound,E. Rossi,true,2022-02-20,3,0.5,Enterprise,Mature,Engaged,false,false,false,false,false,false,false,false,false,false,0,Low,
ACC-00241,2026-07-01,2026-07,23,31,enterprise,137,6195.72,74348.64,2026-12-06,31,608,797,80,31,247,3,6,69,71,0.5839,7.6,0.7961,1,0,5.0,2026-07-31,523,551.0,675.6666666666666,true,0,0.1625,-0.1845,158,QuartzLabs 097,Healthcare,Germany,51-200,inbound,E. Rossi,true,2023-12-07,3,0.5,Enterprise,Mature,Power,false,false,false,false,false,false,false,false,false,false,0,Low,
ACC-00011,2026-07-01,2026-07,23,52,enterprise,138,5885.18,70622.16,2027-03-21,31,1239,1697,104,31,1339,5,13,198,412,0.7536,11.91,0.0856,0,0,,2026-07-31,1349,1153.6666666666667,955.3333333333334,true,0,-0.0815,0.2076,263,AsterPartners 274,Financial Services,Germany,1-50,inbound,E. Rossi,true,2022-03-22,5,0.833,Enterprise,Mature,Power,false,false,false,false,false,false,false,false,false,false,0,Low,
ACC-00142,2026-07-01,2026-07,23,40,enterprise,140,5879.25,70551.0,2027-03-18,31,315,378,53,30,326,5,13,25,82,0.3786,5.94,0.2317,0,0,,2026-07-31,335,306.3333333333333,378.6666666666667,true,0,-0.0597,-0.191,260,IronLabs 289,Technology,India,1-50,inbound,H. Nowak,true,2023-03-19,5,0.833,Enterprise,Mature,Engaged,false,false,false,false,false,false,false,false,false,false,0,Low,
ACC-00194,2026-07-01,2026-07,23,36,enterprise,108,5438.64,65263.68,2027-07-12,31,283,453,47,31,378,4,10,65,97,0.4352,6.02,0.1908,0,0,,2026-07-31,236,210.0,119.0,true,0,0.1992,0.7647,376,OnyxCollective 144,Manufacturing,India,1-50,outbound,F. Tanaka,true,2023-07-13,4,0.667,Enterprise,Mature,Engaged,false,false,false,false,false,false,false,false,false,false,0,Low,
ACC-00405,2026-07-01,2026-07,23,17,enterprise,105,5241.34,62896.08,2027-02-12,31,927,1283,59,30,990,5,13,83,222,0.5619,15.71,0.1176,0,0,,2026-07-31,1304,1123.6666666666667,1190.0,true,0,-0.2891,-0.0557,226,QuartzSystems 471,,Australia,51-200,partner,F. Tanaka,true,2025-02-12,5,0.833,Enterprise,Established,Power,false,false,false,false,false,false,false,false,false,false,0,Low,
ACC-00151,2026-07-01,2026-07,23,39,enterprise,112,4991.3,59895.6,2027-04-26,31,362,596,40,31,311,3,7,47,65,0.3571,9.05,0.6133,0,0,,2026-07-31,491,429.0,462.6666666666667,true,0,-0.2627,-0.0728,299,HarborSystems 183,Healthcare,United States,51-200,partner,D. Sharma,true,2023-04-27,3,0.5,Enterprise,Mature,Engaged,false,false,false,false,false,false,false,false,false,false,0,Low,
ACC-00378,2026-07-01,2026-07,23,19,business,141,4730.86,56770.32,2026-12-10,31,291,420,52,30,326,6,17,36,81,0.3688,5.6,0.3436,1,0,5.0,2026-07-31,315,309.3333333333333,277.3333333333333,true,0,-0.0762,0.1154,162,GraniteHoldings 434,Technology,Germany,1-50,inbound,H. Nowak,true,2024-12-10,6,1.0,Mid-Market,Established,Engaged,false,false,false,false,false,false,false,false,false,false,0,Low,
ACC-00006,2026-07-01,2026-07,23,52,enterprise,100,4379.89,52558.68,2027-03-10,31,289,491,47,30,279,4,10,35,55,0.47,6.15,0.5606,0,0,,2026-07-31,319,301.3333333333333,335.3333333333333,true,0,-0.094,-0.1014,252,BluePartners 046,Technology,United Kingdom,201-1000,self_serve,C. Moreau,true,2022-03-11,4,0.667,Enterprise,Mature,Engaged,false,false,false,false,false,false,false,false,false,false,0,Low,
ACC-00493,2026-07-01,2026-07,23,8,enterprise,104,4348.66,52183.92,2026-11-20,31,337,625,53,31,381,3,6,153,49,0.5096,6.36,0.4718,0,0,,2026-07-31,243,254.33333333333334,257.0,true,0,0.3868,-0.0104,142,HalcyonAnalytics 455,Financial Services,Canada,1-50,referral,G. Alvarez,true,2025-11-20,3,0.5,Enterprise,Establishing,Power,false,false,false,false,false,false,false,false,false,false,0,Low,
ACC-00488,2026-07-01,2026-07,23,9,business,115,4060.06,48720.72,2026-10-10,31,371,726,61,31,594,3,7,70,106,0.5304,6.08,0.2075,0,0,,2026-07-31,340,335.6666666666667,316.0,true,0,0.0912,0.0622,101,AsterSolutions 450,Education,Germany,201-1000,referral,A. Okafor,true,2025-10-10,3,0.5,Mid-Market,Establishing,Power,false,false,false,false,false,false,false,false,false,false,0,Low,
ACC-00124,2026-07-01,2026-07,23,41,business,120,4022.93,48275.16,2027-02-14,31,177,270,62,29,258,3,9,6,69,0.5167,2.85,0.1017,0,0,,2026-07-31,170,189.0,167.66666666666666,true,0,0.0412,0.1272,228,LumenCollective 228,Technology,Australia,51-200,partner,D. Sharma,true,2023-02-15,3,0.5,Mid-Market,Mature,Power,false,false,false,false,false,false,false,false,false,false,0,Low,
ACC-00440,2026-07-01,2026-07,23,15,business,116,3905.12,46861.44,2027-04-16,31,344,802,54,31,236,2,4,105,105,0.4655,6.37,0.7936,2,0,,2026-07-31,329,310.0,271.6666666666667,true,0,0.0456,0.1411,289,SolsticeAnalytics 371,Financial Services,Germany,51-200,self_serve,C. Moreau,true,2025-04-16,2,0.333,Mid-Market,Established,Engaged,false,false,false,false,false,false,false,false,false,false,0,Low,
ACC-00453,2026-07-01,2026-07,23,14,business,118,3761.99,45143.88,2027-05-07,31,267,381,64,30,364,4,11,0,97,0.5424,4.17,0.0487,1,0,,2026-07-31,206,229.66666666666666,271.3333333333333,true,0,0.2961,-0.1536,310,PinnacleLabs 385,Healthcare,United Kingdom,1-50,partner,C. Moreau,true,2025-05-07,4,0.667,Mid-Market,Established,Power,false,false,false,false,false,false,false,false,false,false,0,Low,
ACC-00184,2026-07-01,2026-07,23,37,business,120,3747.82,44973.84,2027-06-17,31,759,1177,54,31,803,5,15,16,196,0.45,14.06,0.17,0,0,,2026-07-31,751,731.0,690.0,true,0,0.0107,0.0594,351,GranitePartners 082,Financial Services,Germany,1-50,self_serve,A. Okafor,true,2023-06-18,5,0.833,Mid-Market,Mature,Engaged,false,false,false,false,false,false,false,false,false,false,0,Low,
ACC-00013,2026-07-01,2026-07,23,51,business,120,3747.63,44971.56,2027-04-05,31,1634,2318,55,31,863,5,15,110,401,0.4583,29.71,0.2393,0,0,,2026-07-31,1778,1704.0,1249.3333333333333,true,0,-0.081,0.3639,278,HalcyonWorks 081,,Australia,1-50,outbound,F. Tanaka,true,2022-04-06,5,0.833,Mid-Market,Mature,Engaged,false,false,false,false,false,false,false,false,false,false,0,Low,
ACC-00380,2026-07-01,2026-07,23,19,business,117,3648.99,43787.88,2026-12-24,31,436,808,49,31,441,3,7,64,92,0.4188,8.9,0.4839,0,0,,2026-07-31,505,451.6666666666667,534.6666666666666,true,0,-0.1366,-0.1552,176,CobaltCollective 348,Financial Services,United States,1-50,outbound,F. Tanaka,true,2024-12-24,3,0.5,Mid-Market,Established,Engaged,false,false,false,false,false,false,false,false,false,false,0,Low,
ACC-00310,2026-07-01,2026-07,23,25,business,104,3524.35,42292.2,2027-06-26,31,139,264,44,27,245,2,5,0,20,0.4231,3.16,0.1295,0,0,,2026-07-31,138,146.0,183.0,true,0,0.0072,-0.2022,360,GraniteGroup 104,Retail,United States,1-50,outbound,E. Rossi,true,2024-06-26,2,0.333,Mid-Market,Mature,Engaged,false,false,false,false,false,false,false,false,false,false,0,Low,
ACC-00144,2026-07-01,2026-07,23,39,business,114,3469.95,41639.4,2027-04-06,31,1193,1681,87,31,1216,6,17,109,292,0.7632,13.71,0.1425,0,0,,2026-07-31,1086,1056.6666666666667,737.6666666666666,true,0,0.0985,0.4324,279,AsterGroup 296,Healthcare,United States,1-50,partner,H. Nowak,true,2023-04-07,6,1.0,Mid-Market,Mature,Power,false,false,false,false,false,false,false,false,false,false,0,Low,
ACC-00384,2026-07-01,2026-07,23,19,business,108,3376.09,40513.08,2026-12-29,31,1465,1950,77,31,1162,6,17,141,460,0.713,19.03,0.2375,1,1,4.0,2026-07-31,1731,1557.0,1601.0,true,0,-0.1537,-0.0275,181,QuartzSystems 339,Retail,United States,51-200,inbound,F. Tanaka,true,2024-12-29,6,1.0,Mid-Market,Established,Power,false,false,false,false,false,false,false,false,false,false,0,Low,
ACC-00170,2026-07-01,2026-07,23,37,business,106,3352.82,40233.84,2027-05-31,31,416,604,54,31,517,5,14,34,98,0.5094,7.7,0.1226,0,0,,2026-07-31,405,377.0,304.6666666666667,true,0,0.0272,0.2374,334,HarborLabs 205,Manufacturing,United States,1-50,self_serve,D. Sharma,true,2023-06-01,5,0.833,Mid-Market,Mature,Power,false,false,false,false,false,false,false,false,false,false,0,Low,
ACC-00032,2026-07-01,2026-07,23,49,business,94,3264.23,39170.76,2027-06-19,31,185,273,35,28,252,2,4,0,25,0.3723,5.29,0.1297,0,0,,2026-07-31,138,140.66666666666666,89.66666666666667,true,0,0.3406,0.5688,353,HalcyonIndustries 125,Healthcare,United States,51-200,inbound,A. Okafor,true,2022-06-20,2,0.333,Mid-Market,Mature,Engaged,false,false,false,false,false,false,false,false,false,false,0,Low,
ACC-00261,2026-07-01,2026-07,23,29,business,104,3193.68,38324.16,2027-02-12,31,286,518,42,31,448,3,8,45,112,0.4038,6.81,0.1469,0,0,,2026-07-31,269,262.6666666666667,211.33333333333334,true,0,0.0632,0.2429,226,NorthAnalytics 287,Professional Services,United States,1-50,outbound,E. Rossi,true,2024-02-13,3,0.5,Mid-Market,Mature,Engaged,false,false,false,false,false,false,false,false,false,false,0,Low,
ACC-00372,2026-07-01,2026-07,23,20,business,106,3177.21,38126.52,2026-11-29,31,481,654,58,31,510,5,13,98,136,0.5472,8.29,0.2391,1,1,3.0,2026-07-31,404,410.0,370.0,true,0,0.1906,0.1081,151,SolsticeSystems 327,,United States,201-1000,self_serve,A. Okafor,true,2024-11-29,5,0.833,Mid-Market,Established,Power,false,false,false,false,false,false,false,false,false,false,0,Low,
ACC-00352,2026-07-01,2026-07,23,21,business,104,3102.69,37232.28,2026-10-30,31,366,450,59,30,375,5,13,30,128,0.5673,6.2,0.1616,0,0,,2026-07-31,288,347.6666666666667,428.0,true,0,0.2708,-0.1877,121,OnyxSolutions 342,Financial Services,United States,201-1000,outbound,F. Tanaka,true,2024-10-30,5,0.833,Mid-Market,Established,Power,false,false,false,false,false,false,false,false,false,false,0,Low,
ACC-00383,2026-07-01,2026-07,23,19,business,89,3090.76,37089.12,2026-12-29,31,256,400,38,30,329,6,17,23,86,0.427,6.74,0.1367,0,0,,2026-07-31,224,274.6666666666667,244.33333333333334,true,0,0.1429,0.1241,181,KestrelSolutions 462,Retail,United States,1000+,referral,F. Tanaka,true,2024-12-29,6,1.0,Mid-Market,Established,Engaged,false,false,false,false,false,false,false,false,false,false,0,Low,
ACC-00491,2026-07-01,2026-07,23,8,business,106,3073.37,36880.44,2026-11-13,31,919,1397,78,31,938,5,14,88,223,0.7358,11.78,0.2416,1,0,4.0,2026-07-31,791,837.0,804.3333333333334,true,0,0.1618,0.0406,135,SolsticeSystems 459,Healthcare,United Kingdom,51-200,outbound,F. Tanaka,true,2025-11-13,5,0.833,Mid-Market,Establishing,Power,false,false,false,false,false,false,false,false,false,false,0,Low,
ACC-00459,2026-07-01,2026-07,23,14,business,83,2754.05,33048.6,2027-05-22,31,227,272,51,29,236,3,6,33,14,0.6145,4.45,0.2026,0,0,,2026-07-31,220,201.0,177.66666666666666,true,0,0.0318,0.1313,325,SummitGroup 356,Technology,United States,1-50,outbound,C. Moreau,true,2025-05-22,3,0.5,Mid-Market,Established,Power,false,false,false,false,false,false,false,false,false,false,0,Low,
ACC-00495,2026-07-01,2026-07,23,7,business,91,2711.76,32541.12,2026-12-07,31,1418,1881,69,31,1119,6,17,130,374,0.7582,20.55,0.2872,0,0,,2026-07-31,1000,1186.6666666666667,1002.6666666666666,true,0,0.418,0.1835,159,LumenCollective 492,Technology,Germany,1-50,self_serve,G. Alvarez,true,2025-12-07,6,1.0,Mid-Market,Establishing,Power,false,false,false,false,false,false,false,false,false,false,0,Low,
ACC-00083,2026-07-01,2026-07,23,45,business,90,2706.11,32473.32,2026-10-17,31,479,658,65,31,417,4,12,11,109,0.7222,7.37,0.4363,0,0,,2026-07-31,367,373.0,223.0,true,0,0.3052,0.6726,108,NorthWorks 177,Retail,India,1-50,self_serve,D. Sharma,true,2022-10-18,4,0.667,Mid-Market,Mature,Power,false,false,false,false,false,false,false,false,false,false,0,Low,
ACC-00129,2026-07-01,2026-07,23,41,business,79,2503.38,30040.56,2027-02-26,31,301,410,47,31,338,3,8,26,83,0.5949,6.4,0.1827,1,1,,2026-07-31,325,294.0,287.0,true,0,-0.0738,0.0244,240,MeridianTechnologies 079,Non-profit,United States,201-1000,inbound,G. Alvarez,true,2023-02-27,3,0.5,Mid-Market,Mature,Power,false,false,false,false,false,false,false,false,false,false,0,Low,
ACC-00253,2026-07-01,2026-07,23,30,business,85,2488.42,29861.04,2027-01-25,31,998,1300,45,31,740,5,14,143,393,0.5294,22.18,0.3277,0,0,,2026-07-31,1001,1010.6666666666666,910.3333333333334,true,0,-0.003,0.1102,208,NorthAnalytics 023,Professional Services,Canada,201-1000,inbound,D. Sharma,true,2024-01-26,5,0.833,Mid-Market,Mature,Power,false,false,false,false,false,false,false,false,false,false,0,Low,
ACC-00143,2026-07-01,2026-07,23,39,business,77,2488.22,29858.64,2027-03-31,31,1453,2068,60,31,1032,6,17,103,400,0.7792,24.22,0.2209,0,0,,2026-07-31,1473,1291.0,1096.6666666666667,true,0,-0.0136,0.1772,273,PinnacleAnalytics 011,Retail,Australia,201-1000,self_serve,E. Rossi,true,2023-04-01,6,1.0,Mid-Market,Mature,Power,false,false,false,false,false,false,false,false,false,false,0,Low,
ACC-00107,2026-07-01,2026-07,23,43,business,74,2482.23,29786.76,2026-12-10,31,271,450,31,29,251,3,7,15,67,0.4189,8.74,0.5148,0,0,,2026-07-31,388,321.3333333333333,400.6666666666667,true,0,-0.3015,-0.198,162,MeridianSystems 123,Retail,Germany,51-200,self_serve,C. Moreau,true,2022-12-11,3,0.5,Mid-Market,Mature,Engaged,false,false,false,false,false,false,false,false,false,false,0,Low,
ACC-00437,2026-07-01,2026-07,23,15,business,79,2468.93,29627.16,2027-04-13,31,58,80,28,24,79,2,3,9,0,0.3544,2.07,0.1207,0,0,,2026-07-31,46,56.0,61.666666666666664,true,0,0.2609,-0.0919,286,CorvusHoldings 410,Education,Australia,201-1000,outbound,F. Tanaka,true,2025-04-13,2,0.333,Mid-Market,Established,Engaged,false,false,false,false,false,false,false,false,false,false,0,Low,
ACC-00403,2026-07-01,2026-07,23,17,business,69,2456.18,29474.16,2027-02-08,31,176,289,34,30,247,3,9,5,46,0.4928,5.18,0.3125,2,1,,2026-07-31,183,171.66666666666666,221.0,true,0,-0.0383,-0.2232,222,KestrelDynamics 352,Retail,Canada,1-50,referral,F. Tanaka,true,2025-02-08,3,0.5,Mid-Market,Established,Engaged,false,false,false,false,false,false,false,false,false,false,0,Low,
ACC-00271,2026-07-01,2026-07,23,28,business,75,2446.47,29357.64,2027-03-03,31,364,566,44,31,446,3,9,2,108,0.5867,8.27,0.2225,1,0,,2026-07-31,364,374.6666666666667,379.3333333333333,true,0,0.0,-0.0123,245,LumenPartners 118,Manufacturing,Australia,1-50,inbound,G. Alvarez,true,2024-03-03,3,0.5,Mid-Market,Mature,Power,false,false,false,false,false,false,false,false,false,false,0,Low,
ACC-00246,2026-07-01,2026-07,23,31,business,74,2393.98,28727.76,2026-12-28,31,600,843,45,31,512,5,14,100,176,0.6081,13.33,0.3133,0,0,,2026-07-31,869,754.6666666666666,697.3333333333334,true,0,-0.3096,0.0822,180,AsterPartners 142,Non-profit,United States,1-50,inbound,G. Alvarez,true,2023-12-29,5,0.833,Mid-Market,Mature,Power,false,false,false,false,false,false,false,false,false,false,0,Low,
ACC-00414,2026-07-01,2026-07,23,16,business,68,2376.05,28512.6,2027-03-02,31,183,272,39,31,252,3,8,1,27,0.5735,4.69,0.1366,0,0,,2026-07-31,189,165.0,178.33333333333334,true,0,-0.0317,-0.0748,244,KestrelPartners 418,Technology,United States,1-50,outbound,A. Okafor,true,2025-03-02,3,0.5,Mid-Market,Established,Power,false,false,false,false,false,false,false,false,false,false,0,Low,
ACC-00189,2026-07-01,2026-07,23,37,business,66,2345.93,28151.16,2027-06-22,31,238,331,30,30,297,2,4,50,34,0.4545,7.93,0.1134,0,0,,2026-07-31,206,209.66666666666666,166.66666666666666,true,0,0.1553,0.258,356,CobaltPartners 238,Technology,United Kingdom,1000+,outbound,E. Rossi,true,2023-06-23,2,0.333,Mid-Market,Mature,Engaged,false,false,false,false,false,false,false,false,false,false,0,Low,
ACC-00104,2026-07-01,2026-07,23,43,business,60,2112.56,25350.72,2026-12-04,31,29,43,23,18,43,2,5,0,8,0.3833,1.26,0.069,1,0,,2026-07-31,35,27.666666666666668,17.333333333333332,true,0,-0.1714,,156,BlueCollective 156,,United States,51-200,outbound,B. Lindqvist,true,2022-12-05,2,0.333,Mid-Market,Mature,Engaged,false,false,false,false,false,false,false,false,false,false,0,Low,
ACC-00012,2026-07-01,2026-07,23,52,business,62,2070.25,24843.0,2027-03-25,31,41,94,21,23,89,2,5,3,14,0.3387,1.95,0.1707,0,0,,2026-07-31,41,41.333333333333336,44.333333333333336,true,0,0.0,-0.0677,267,HarborIndustries 293,Technology,Australia,201-1000,inbound,F. Tanaka,true,2022-03-26,2,0.333,Mid-Market,Mature,Engaged,false,false,false,false,false,false,false,false,false,false,0,Low,
ACC-00345,2026-07-01,2026-07,23,21,business,60,2050.97,24611.64,2026-10-21,31,154,209,23,27,167,4,10,6,34,0.3833,6.7,0.4221,0,0,,2026-07-31,167,162.0,164.0,true,0,-0.0778,-0.0122,112,CobaltSolutions 414,Technology,India,201-1000,referral,G. Alvarez,true,2024-10-21,4,0.667,Mid-Market,Established,Engaged,false,false,false,false,false,false,false,false,false,false,0,Low,
ACC-00123,2026-07-01,2026-07,23,41,business,,2041.47,24497.64,2027-02-12,31,172,255,28,30,188,3,6,64,41,,6.14,0.5174,0,0,,2026-07-31,172,156.66666666666666,160.0,true,0,0.0,-0.0208,226,BlueHoldings 266,Healthcare,United States,51-200,inbound,G. Alvarez,true,2023-02-13,3,0.5,Mid-Market,Mature,Engaged,false,false,false,false,false,false,false,false,false,false,0,Low,
ACC-00237,2026-07-01,2026-07,23,32,business,69,2039.39,24472.68,2026-11-13,31,748,1044,51,31,784,6,17,76,252,0.7391,14.67,0.115,1,0,4.0,2026-07-31,713,689.3333333333334,658.6666666666666,true,0,0.0491,0.0466,135,LumenHoldings 206,Education,Germany,1000+,self_serve,F. Tanaka,true,2023-11-14,6,1.0,Mid-Market,Mature,Power,false,false,false,false,false,false,false,false,false,false,0,Low,
ACC-00424,2026-07-01,2026-07,23,16,business,64,1937.21,23246.52,2027-03-18,31,331,461,45,31,340,3,7,34,94,0.7031,7.36,0.3565,0,0,,2026-07-31,193,226.0,204.66666666666666,true,0,0.715,0.1042,260,VertexCollective 468,Manufacturing,Australia,1000+,partner,A. Okafor,true,2025-03-18,3,0.5,Mid-Market,Established,Power,false,false,false,false,false,false,false,false,false,false,0,Low,
ACC-00281,2026-07-01,2026-07,23,27,business,53,1855.89,22270.68,2027-04-09,31,56,88,24,26,84,2,4,0,5,0.4528,2.33,0.2857,0,0,,2026-07-31,85,76.33333333333333,92.0,true,0,-0.3412,-0.1703,282,RiverstoneSystems 087,Manufacturing,United States,51-200,self_serve,F. Tanaka,true,2024-04-09,2,0.333,Mid-Market,Mature,Engaged,false,false,false,false,false,false,false,false,false,false,0,Low,
ACC-00280,2026-07-01,2026-07,23,27,business,54,1814.37,21772.44,2027-04-04,31,505,735,34,31,546,6,17,40,142,0.6296,14.85,0.1822,1,0,,2026-07-31,452,473.6666666666667,416.3333333333333,true,0,0.1173,0.1377,277,GraniteSolutions 258,Manufacturing,Canada,201-1000,self_serve,A. Okafor,true,2024-04-04,6,1.0,Mid-Market,Mature,Power,false,false,false,false,false,false,false,false,false,false,0,Low,
ACC-00449,2026-07-01,2026-07,23,14,business,58,1780.56,21366.72,2027-05-01,31,210,331,40,30,267,3,9,7,58,0.6897,5.25,0.3476,1,0,,2026-07-31,210,199.66666666666666,213.66666666666666,true,0,0.0,-0.0655,304,HalcyonTechnologies 367,Technology,United States,51-200,inbound,F. Tanaka,true,2025-05-01,3,0.5,Mid-Market,Established,Power,false,false,false,false,false,false,false,false,false,false,0,Low,
ACC-00128,2026-07-01,2026-07,23,41,business,53,1735.09,20821.08,2027-02-26,31,299,403,25,31,335,6,17,18,99,0.4717,11.96,0.1304,0,0,,2026-07-31,327,299.3333333333333,297.0,true,0,-0.0856,0.0079,240,GraniteSolutions 126,Manufacturing,United States,1000+,inbound,A. Okafor,true,2023-02-27,6,1.0,Mid-Market,Mature,Engaged,false,false,false,false,false,false,false,false,false,false,0,Low,
ACC-00169,2026-07-01,2026-07,23,38,business,51,1705.32,20463.84,2027-05-29,31,189,279,19,30,217,6,17,26,61,0.3725,9.95,0.2593,0,0,,2026-07-31,148,163.0,162.0,true,0,0.277,0.0062,332,SummitSolutions 114,Manufacturing,Germany,51-200,self_serve,H. Nowak,true,2023-05-30,6,1.0,Mid-Market,Mature,Engaged,false,false,false,false,false,false,false,false,false,false,0,Low,
ACC-00029,2026-07-01,2026-07,23,49,business,55,1657.47,19889.64,2027-06-16,31,308,456,34,31,380,2,4,0,79,0.6182,9.06,0.1558,1,1,,2026-07-31,309,304.6666666666667,252.33333333333334,true,0,-0.0032,0.2074,350,HalcyonLabs 037,Financial Services,United Kingdom,201-1000,outbound,B. Lindqvist,true,2022-06-17,2,0.333,Mid-Market,Mature,Power,false,false,false,false,false,false,false,false,false,false,0,Low,
ACC-00023,2026-07-01,2026-07,23,50,business,48,1624.78,19497.36,2027-05-10,31,159,234,34,30,195,4,12,26,62,0.7083,4.68,0.3711,0,0,,2026-07-31,162,148.66666666666666,130.0,true,0,-0.0185,0.1436,313,IronAnalytics 179,Manufacturing,United States,1-50,self_serve,D. Sharma,true,2022-05-11,4,0.667,Mid-Market,Mature,Power,false,false,false,false,false,false,false,false,false,false,0,Low,
ACC-00130,2026-07-01,2026-07,23,41,business,53,1566.44,18797.28,2027-02-26,31,358,494,41,30,412,5,14,21,112,0.7736,8.73,0.2011,1,0,,2026-07-31,387,364.3333333333333,294.0,true,0,-0.0749,0.2392,240,RiverstoneAnalytics 131,Healthcare,United Kingdom,1-50,self_serve,E. Rossi,true,2023-02-27,5,0.833,Mid-Market,Mature,Power,false,false,false,false,false,false,false,false,false,false,0,Low,
ACC-00158,2026-07-01,2026-07,23,38,growth,69,1408.57,16902.84,2027-05-09,31,1337,1976,35,31,1025,6,17,152,353,0.5072,38.2,0.3373,1,0,,2026-07-31,946,1098.6666666666667,872.3333333333334,true,0,0.4133,0.2595,312,OnyxCollective 276,Financial Services,United Kingdom,1000+,referral,C. Moreau,true,2023-05-10,6,1.0,SMB,Mature,Power,false,false,false,false,false,false,false,false,false,false,0,Low,
ACC-00267,2026-07-01,2026-07,23,29,business,46,1390.43,16685.16,2027-02-27,31,86,157,18,25,142,3,8,11,32,0.3913,4.78,0.3372,0,0,,2026-07-31,93,90.0,65.0,true,0,-0.0753,0.3846,241,CorvusDynamics 256,Manufacturing,Germany,51-200,inbound,D. Sharma,true,2024-02-28,3,0.5,Mid-Market,Mature,Engaged,false,false,false,false,false,false,false,false,false,false,0,Low,
ACC-00381,2026-07-01,2026-07,23,19,business,43,1283.43,15401.16,2026-12-27,31,1607,2094,56,31,1248,6,17,112,377,1.3023,28.7,0.1302,0,0,,2026-07-31,1494,1499.0,1179.3333333333333,true,0,0.0756,0.2711,179,IronTechnologies 355,Technology,United Kingdom,201-1000,self_serve,H. Nowak,true,2024-12-27,6,1.0,Mid-Market,Established,Power,false,false,false,false,false,false,false,false,false,false,0,Low,
ACC-00262,2026-07-01,2026-07,23,29,growth,61,1276.96,15323.52,2027-02-12,31,270,375,28,30,246,3,8,0,67,0.459,9.64,0.3741,0,0,,2026-07-31,318,270.6666666666667,257.6666666666667,true,0,-0.1509,0.0505,226,BluePartners 178,Non-profit,United States,1-50,referral,G. Alvarez,true,2024-02-13,3,0.5,SMB,Mature,Engaged,false,false,false,false,false,false,false,false,false,false,0,Low,
ACC-00016,2026-07-01,2026-07,23,51,growth,63,1243.99,14927.88,2027-04-17,31,137,213,25,29,192,4,12,9,34,0.3968,5.48,0.1241,0,0,,2026-07-31,157,149.66666666666666,178.66666666666666,true,0,-0.1274,-0.1623,290,BlueCollective 024,Healthcare,Canada,1-50,self_serve,H. Nowak,true,2022-04-18,4,0.667,SMB,Mature,Engaged,false,false,false,false,false,false,false,false,false,false,0,Low,
ACC-00389,2026-07-01,2026-07,23,18,growth,58,1242.47,14909.64,2027-01-13,31,103,208,33,28,194,2,5,0,33,0.569,3.12,0.1584,0,0,,2026-07-31,79,85.33333333333333,50.666666666666664,true,0,0.3038,0.6842,196,HalcyonSystems 411,Retail,United Kingdom,1-50,self_serve,A. Okafor,true,2025-01-13,2,0.333,SMB,Established,Power,false,false,false,false,false,false,false,false,false,false,0,Low,
ACC-00412,2026-07-01,2026-07,23,17,growth,57,1193.06,14316.72,2027-02-28,31,127,195,22,29,176,3,8,6,36,0.386,5.77,0.1811,0,0,,2026-07-31,180,161.66666666666666,147.66666666666666,true,0,-0.2944,0.0948,242,HalcyonIndustries 389,Education,United Kingdom,51-200,inbound,E. Rossi,true,2025-02-28,3,0.5,SMB,Established,Engaged,false,false,false,false,false,false,false,false,false,false,0,Low,
ACC-00369,2026-07-01,2026-07,23,20,growth,54,1187.34,14248.08,2026-11-26,31,411,517,35,30,416,2,4,0,62,0.6481,11.74,0.18,0,0,,2026-07-31,278,300.0,120.0,true,0,0.4784,1.5,148,SolsticeLabs 481,Healthcare,United Kingdom,201-1000,inbound,G. Alvarez,true,2024-11-26,2,0.333,SMB,Established,Power,false,false,false,false,false,false,false,false,false,false,0,Low,
ACC-00452,2026-07-01,2026-07,23,14,growth,53,1175.97,14111.64,2027-05-06,31,253,337,32,31,282,3,7,26,54,0.6038,7.91,0.2174,3,0,3.0,2026-07-31,297,272.6666666666667,256.6666666666667,true,0,-0.1481,0.0623,309,SummitPartners 334,Retail,United Kingdom,1-50,outbound,B. Lindqvist,true,2025-05-06,3,0.5,SMB,Established,Power,false,false,false,false,false,false,false,false,false,false,0,Low,
ACC-00286,2026-07-01,2026-07,23,27,growth,60,1166.97,14003.64,2027-04-15,31,1256,1709,29,31,615,5,15,43,308,0.4833,43.31,0.4116,1,0,,2026-07-31,1045,1132.3333333333333,972.6666666666666,true,0,0.2019,0.1642,288,CobaltDynamics 172,Professional Services,United States,51-200,self_serve,G. Alvarez,true,2024-04-15,5,0.833,SMB,Mature,Engaged,false,false,false,false,false,false,false,false,false,false,0,Low,
ACC-00105,2026-07-01,2026-07,23,43,growth,48,1053.63,12643.56,2026-12-05,31,95,123,17,26,105,4,10,3,26,0.3542,5.59,0.2421,0,0,,2026-07-31,45,66.33333333333333,59.333333333333336,true,0,1.1111,0.118,157,MeridianSystems 255,Retail,United States,1-50,self_serve,A. Okafor,true,2022-12-06,4,0.667,SMB,Mature,Engaged,false,false,false,false,false,false,false,false,false,false,0,Low,
ACC-00017,2026-07-01,2026-07,23,51,growth,46,1048.39,12580.68,2027-04-19,31,237,295,29,29,235,2,4,0,35,0.6304,8.17,0.3207,0,0,,2026-07-31,244,254.33333333333334,254.0,true,0,-0.0287,0.0013,292,KestrelCollective 264,Technology,India,51-200,partner,F. Tanaka,true,2022-04-20,2,0.333,SMB,Mature,Power,false,false,false,false,false,false,false,false,false,false,0,Low,
ACC-00402,2026-07-01,2026-07,23,17,growth,52,1027.7,12332.4,2027-02-07,31,251,318,17,29,193,4,12,5,67,0.3269,14.76,0.5259,0,0,,2026-07-31,223,238.0,280.3333333333333,true,0,0.1256,-0.151,221,CedarLabs 445,Manufacturing,United States,1000+,inbound,A. Okafor,true,2025-02-07,4,0.667,SMB,Established,Engaged,false,false,false,false,false,false,false,false,false,false,0,Low,
ACC-00185,2026-07-01,2026-07,23,37,growth,44,988.59,11863.08,2027-06-18,31,145,244,14,26,208,3,7,21,39,0.3182,10.36,0.2552,0,0,,2026-07-31,114,124.0,112.66666666666667,true,0,0.2719,0.1006,352,LumenGroup 140,Professional Services,United States,1-50,self_serve,H. Nowak,true,2023-06-19,3,0.5,SMB,Mature,Engaged,false,false,false,false,false,false,false,false,false,false,0,Low,
ACC-00468,2026-07-01,2026-07,23,12,growth,50,984.61,11815.32,2027-07-22,31,158,205,36,30,188,4,11,5,50,0.72,4.39,0.1139,1,1,,2026-07-31,167,159.33333333333334,174.33333333333334,true,0,-0.0539,-0.086,386,AsterHoldings 494,Professional Services,United States,1000+,partner,B. Lindqvist,true,2025-07-22,4,0.667,SMB,Established,Power,false,false,false,false,false,false,false,false,false,false,0,Low,
ACC-00446,2026-07-01,2026-07,23,15,growth,49,978.8,11745.6,2027-04-25,31,388,565,28,31,398,4,11,33,110,0.5714,13.86,0.2403,2,1,3.0,2026-07-31,361,352.0,381.6666666666667,true,0,0.0748,-0.0777,298,MeridianWorks 321,Retail,United States,51-200,inbound,A. Okafor,true,2025-04-25,4,0.667,SMB,Established,Power,false,false,false,false,false,false,false,false,false,false,0,Low,
ACC-00177,2026-07-01,2026-07,23,37,growth,50,974.17,11690.04,2027-06-09,31,208,403,19,28,296,2,5,9,81,0.38,10.95,0.256,3,1,5.0,2026-07-31,227,211.0,186.66666666666666,true,0,-0.0837,0.1304,343,AsterSolutions 186,Manufacturing,United States,1-50,outbound,H. Nowak,true,2023-06-10,2,0.333,SMB,Mature,Engaged,false,false,false,false,false,false,false,false,false,false,0,Low,
ACC-00442,2026-07-01,2026-07,23,15,growth,43,967.47,11609.64,2027-04-22,31,820,1203,32,31,445,5,14,131,273,0.7442,25.63,0.622,0,0,,2026-07-31,573,607.3333333333334,532.6666666666666,true,0,0.4311,0.1402,295,KestrelHoldings 374,Manufacturing,United Kingdom,1-50,partner,F. Tanaka,true,2025-04-22,5,0.833,SMB,Established,Power,false,false,false,false,false,false,false,false,false,false,0,Low,
ACC-00160,2026-07-01,2026-07,23,38,growth,49,949.22,11390.64,2027-05-17,31,63,85,19,24,81,2,4,0,5,0.3878,3.32,0.254,2,0,2.0,2026-07-31,75,73.33333333333333,82.66666666666667,true,0,-0.16,-0.1129,320,SummitHoldings 290,Financial Services,United States,201-1000,outbound,B. Lindqvist,true,2023-05-18,2,0.333,SMB,Mature,Engaged,false,false,false,false,false,false,false,false,false,false,0,Low,
ACC-00190,2026-07-01,2026-07,23,36,growth,43,947.56,11370.72,2027-07-04,31,189,268,20,29,228,5,13,3,53,0.4651,9.45,0.1534,0,0,,2026-07-31,163,187.0,194.66666666666666,true,0,0.1595,-0.0394,368,PinnacleWorks 165,Technology,India,201-1000,self_serve,B. Lindqvist,true,2023-07-05,5,0.833,SMB,Mature,Engaged,false,false,false,false,false,false,false,false,false,false,0,Low,
ACC-00082,2026-07-01,2026-07,23,45,growth,45,913.64,10963.68,2026-10-17,31,146,189,20,29,143,4,12,2,34,0.4444,7.3,0.4247,0,0,,2026-07-31,186,182.33333333333334,190.33333333333334,true,0,-0.2151,-0.042,108,CorvusGroup 212,Technology,United States,201-1000,self_serve,F. Tanaka,true,2022-10-18,4,0.667,SMB,Mature,Engaged,false,false,false,false,false,false,false,false,false,false,0,Low,
ACC-00335,2026-07-01,2026-07,23,21,growth,43,905.21,10862.52,2026-10-02,31,147,198,18,27,165,4,11,9,43,0.4186,8.17,0.2381,0,0,,2026-07-31,163,147.0,153.33333333333334,true,0,-0.0982,-0.0413,93,CorvusSolutions 366,,United States,51-200,self_serve,B. Lindqvist,true,2024-10-02,4,0.667,SMB,Established,Engaged,false,false,false,false,false,false,false,false,false,false,0,Low,
ACC-00484,2026-07-01,2026-07,23,10,growth,45,904.64,10855.68,2026-09-30,31,272,441,24,30,337,5,14,33,75,0.5333,11.33,0.2096,1,0,,2026-07-31,446,342.0,342.6666666666667,true,0,-0.3901,-0.0019,91,EmberlyDynamics 460,Technology,United States,201-1000,referral,F. Tanaka,true,2025-09-30,5,0.833,SMB,Establishing,Power,false,false,false,false,false,false,false,false,false,false,0,Low,
ACC-00339,2026-07-01,2026-07,23,21,growth,46,899.9,10798.8,2026-10-14,31,137,216,23,28,196,3,9,1,34,0.5,5.96,0.1022,0,0,,2026-07-31,119,133.66666666666666,147.0,true,0,0.1513,-0.0907,105,GraniteSolutions 390,Financial Services,India,51-200,outbound,G. Alvarez,true,2024-10-14,3,0.5,SMB,Established,Power,false,false,false,false,false,false,false,false,false,false,0,Low,
ACC-00162,2026-07-01,2026-07,23,38,growth,44,877.8,10533.6,2027-05-19,31,183,222,26,28,208,5,13,29,63,0.5909,7.04,0.153,0,0,,2026-07-31,146,164.33333333333334,164.66666666666666,true,0,0.2534,-0.002,322,CorvusDynamics 124,Professional Services,United Kingdom,1000+,outbound,F. Tanaka,true,2023-05-20,5,0.833,SMB,Mature,Power,false,false,false,false,false,false,false,false,false,false,0,Low,
ACC-00490,2026-07-01,2026-07,23,8,growth,38,871.47,10457.64,2026-11-11,31,142,181,21,28,151,4,9,14,10,0.5526,6.76,0.3662,1,0,4.0,2026-07-31,156,135.66666666666666,150.0,true,0,-0.0897,-0.0956,133,PinnacleIndustries 473,Technology,United States,51-200,outbound,F. Tanaka,true,2025-11-11,4,0.667,SMB,Establishing,Power,false,false,false,false,false,false,false,false,false,false,0,Low,
ACC-00456,2026-07-01,2026-07,23,14,growth,44,866.11,10393.32,2027-05-12,31,218,269,30,31,200,6,17,21,61,0.6818,7.27,0.5046,2,1,,2026-07-31,213,228.33333333333334,216.33333333333334,true,0,0.0235,0.0555,315,CedarSystems 423,Healthcare,Canada,201-1000,outbound,G. Alvarez,true,2025-05-12,6,1.0,SMB,Established,Power,false,false,false,false,false,false,false,false,false,false,0,Low,
ACC-00018,2026-07-01,2026-07,23,51,growth,42,851.02,10212.24,2027-04-21,31,180,265,24,28,242,2,4,42,68,0.5714,7.5,0.15,0,0,,2026-07-31,173,184.0,168.0,true,0,0.0405,0.0952,294,WillowLabs 061,Technology,United States,1000+,referral,C. Moreau,true,2022-04-22,2,0.333,SMB,Mature,Power,false,false,false,false,false,false,false,false,false,false,0,Low,
ACC-00230,2026-07-01,2026-07,23,32,growth,43,844.12,10129.44,2026-10-31,31,666,859,29,31,498,5,13,81,163,0.6744,22.97,0.4219,1,0,,2026-07-31,786,688.0,648.6666666666666,true,0,-0.1527,0.0606,122,EmberlyGroup 152,Retail,United States,1-50,inbound,A. Okafor,true,2023-11-01,5,0.833,SMB,Mature,Power,false,false,false,false,false,false,false,false,false,false,0,Low,
ACC-00342,2026-07-01,2026-07,23,21,growth,36,823.49,9881.88,2026-10-16,31,61,153,14,24,132,2,3,31,0,0.3889,4.36,0.377,1,1,,2026-07-31,54,60.333333333333336,78.0,true,0,0.1296,-0.2265,107,AsterGroup 428,Retail,Australia,51-200,inbound,C. Moreau,true,2024-10-16,2,0.333,SMB,Established,Engaged,false,false,false,false,false,false,false,false,false,false,0,Low,
ACC-00363,2026-07-01,2026-07,23,20,growth,40,816.19,9794.28,2026-11-19,31,105,211,24,25,197,2,5,0,28,0.6,4.38,0.2381,0,0,,2026-07-31,139,115.0,105.66666666666667,true,0,-0.2446,0.0883,141,NorthSystems 375,Financial Services,Germany,1-50,outbound,F. Tanaka,true,2024-11-19,2,0.333,SMB,Established,Power,false,false,false,false,false,false,false,false,false,false,0,Low,
ACC-00236,2026-07-01,2026-07,23,32,growth,38,806.84,9682.08,2026-11-12,31,343,511,26,29,386,5,13,30,86,0.6842,13.19,0.2041,0,0,,2026-07-31,347,360.6666666666667,334.0,true,0,-0.0115,0.0798,134,VertexDynamics 292,Manufacturing,United States,1000+,outbound,D. Sharma,true,2023-11-13,5,0.833,SMB,Mature,Power,false,false,false,false,false,false,false,false,false,false,0,Low,
ACC-00308,2026-07-01,2026-07,23,25,growth,35,792.28,9507.36,2027-06-16,31,253,306,15,31,139,6,17,20,96,0.4286,16.87,0.7866,1,0,,2026-07-31,207,229.0,170.33333333333334,true,0,0.2222,0.3444,350,MeridianIndustries 233,Financial Services,Germany,51-200,partner,G. Alvarez,true,2024-06-16,6,1.0,SMB,Mature,Engaged,false,false,false,false,false,false,false,false,false,false,0,Low,
ACC-00469,2026-07-01,2026-07,23,12,growth,41,786.12,9433.44,2027-07-26,31,269,352,31,30,307,4,9,26,86,0.7561,8.68,0.1636,0,0,,2026-07-31,227,250.66666666666666,223.33333333333334,true,0,0.185,0.1224,390,CorvusGroup 476,Financial Services,Canada,51-200,self_serve,E. Rossi,true,2025-07-26,4,0.667,SMB,Established,Power,false,false,false,false,false,false,false,false,false,false,0,Low,
ACC-00257,2026-07-01,2026-07,23,29,growth,34,779.96,9359.52,2027-02-04,31,334,441,17,31,230,6,17,32,96,0.5,19.65,0.6347,0,0,,2026-07-31,287,277.0,251.33333333333334,true,0,0.1638,0.1021,218,EmberlyPartners 262,Manufacturing,Canada,1-50,self_serve,G. Alvarez,true,2024-02-05,6,1.0,SMB,Mature,Power,false,false,false,false,false,false,false,false,false,false,0,Low,
ACC-00116,2026-07-01,2026-07,23,42,growth,36,742.97,8915.64,2027-01-03,31,98,186,27,26,170,4,10,16,38,0.75,3.63,0.2041,0,0,,2026-07-31,138,113.66666666666667,98.0,true,0,-0.2899,0.1599,186,EmberlyCollective 240,Technology,Germany,1000+,self_serve,D. Sharma,true,2023-01-04,4,0.667,SMB,Mature,Power,false,false,false,false,false,false,false,false,false,false,0,Low,
ACC-00176,2026-07-01,2026-07,23,37,growth,34,728.04,8736.48,2027-06-09,31,32,57,14,20,54,3,5,9,6,0.4118,2.29,0.2813,0,0,,2026-07-31,19,26.0,25.666666666666668,true,0,,0.013,343,IronSystems 267,Retail,Australia,1-50,inbound,A. Okafor,true,2023-06-10,3,0.5,SMB,Mature,Engaged,false,false,false,false,false,false,false,false,false,false,0,Low,
ACC-00046,2026-07-01,2026-07,23,48,growth,38,718.74,8624.88,2027-07-30,31,142,179,18,29,158,4,10,18,16,0.4737,7.89,0.3451,0,0,,2026-07-31,136,147.0,126.33333333333333,true,0,0.0441,0.1636,394,CedarSystems 291,Technology,Germany,1-50,partner,D. Sharma,true,2022-07-31,4,0.667,SMB,Mature,Engaged,false,false,false,false,false,false,false,false,false,false,0,Low,
ACC-00420,2026-07-01,2026-07,23,16,growth,33,717.09,8605.08,2027-03-13,31,176,262,16,30,199,6,17,18,50,0.4848,11.0,0.3295,0,0,,2026-07-31,168,166.66666666666666,131.66666666666666,true,0,0.0476,0.2658,255,MeridianIndustries 497,Professional Services,United States,51-200,inbound,C. Moreau,true,2025-03-13,6,1.0,SMB,Established,Engaged,false,false,false,false,false,false,false,false,false,false,0,Low,
ACC-00171,2026-07-01,2026-07,23,37,growth,37,695.24,8342.88,2027-06-01,31,99,145,23,28,137,3,6,12,9,0.6216,4.3,0.1414,0,0,,2026-07-31,91,88.0,86.0,true,0,0.0879,0.0233,335,BlueSolutions 222,Technology,United States,51-200,inbound,F. Tanaka,true,2023-06-02,3,0.5,SMB,Mature,Power,false,false,false,false,false,false,false,false,false,false,0,Low,
ACC-00108,2026-07-01,2026-07,23,43,growth,31,681.44,8177.28,2026-12-14,31,159,209,18,26,186,3,8,11,47,0.5806,8.83,0.2075,1,0,4.0,2026-07-31,113,121.66666666666667,114.66666666666667,true,0,0.4071,0.061,166,BlueDynamics 244,Education,United States,1-50,self_serve,H. Nowak,true,2022-12-15,3,0.5,SMB,Mature,Power,false,false,false,false,false,false,false,false,false,false,0,Low,
ACC-00242,2026-07-01,2026-07,23,31,growth,34,675.34,8104.08,2026-12-07,31,62,66,12,25,63,4,11,7,16,0.3529,5.17,0.3387,0,0,,2026-07-31,41,53.333333333333336,50.333333333333336,true,0,0.5122,0.0596,159,MeridianWorks 189,Professional Services,United Kingdom,1-50,inbound,F. Tanaka,true,2023-12-08,4,0.667,SMB,Mature,Engaged,false,false,false,false,false,false,false,false,false,false,0,Low,
ACC-00220,2026-07-01,2026-07,23,33,growth,31,674.16,8089.92,2026-10-07,31,133,214,19,29,160,4,12,11,58,0.6129,7.0,0.4887,0,0,,2026-07-31,165,142.66666666666666,155.0,true,0,-0.1939,-0.0796,98,SolsticeAnalytics 239,Education,Germany,201-1000,self_serve,G. Alvarez,true,2023-10-08,4,0.667,SMB,Mature,Power,false,false,false,false,false,false,false,false,false,false,0,Low,
ACC-00172,2026-07-01,2026-07,23,37,growth,30,663.04,7956.48,2027-06-06,31,25,37,9,14,32,2,4,0,1,0.3,2.78,0.56,0,0,,2026-07-30,12,23.0,28.0,true,0,,-0.1786,340,EmberlyGroup 020,Healthcare,United Kingdom,51-200,self_serve,G. Alvarez,true,2023-06-07,2,0.333,SMB,Mature,Engaged,false,false,false,false,false,false,false,false,false,false,0,Low,
ACC-00114,2026-07-01,2026-07,23,42,growth,30,655.61,7867.32,2027-01-01,31,97,177,19,27,141,2,4,23,19,0.6333,5.11,0.4845,1,1,4.0,2026-07-31,97,104.33333333333333,113.66666666666667,true,0,0.0,-0.0821,184,IronIndustries 245,,United Kingdom,201-1000,inbound,C. Moreau,true,2023-01-02,2,0.333,SMB,Mature,Power,false,false,false,false,false,false,false,false,false,false,0,Low,
ACC-00466,2026-07-01,2026-07,23,12,growth,34,654.15,7849.8,2027-07-04,31,369,514,19,30,320,6,17,23,120,0.5588,19.42,0.2737,3,1,,2026-07-31,306,327.0,253.33333333333334,true,0,0.2059,0.2908,368,AsterPartners 406,Healthcare,Canada,201-1000,inbound,G. Alvarez,true,2025-07-04,6,1.0,SMB,Established,Power,false,false,false,false,false,false,false,false,false,false,0,Low,
ACC-00110,2026-07-01,2026-07,23,43,growth,33,653.34,7840.08,2026-12-26,31,139,168,19,27,127,6,15,12,43,0.5758,7.32,0.5252,0,0,,2026-07-31,122,124.0,100.66666666666667,true,0,0.1393,0.2318,178,PinnacleSystems 099,Technology,Germany,1-50,partner,H. Nowak,true,2022-12-27,6,1.0,SMB,Mature,Power,false,false,false,false,false,false,false,false,false,false,0,Low,
ACC-00096,2026-07-01,2026-07,23,44,growth,28,646.64,7759.68,2026-11-20,31,193,247,24,30,190,5,13,16,29,0.8571,8.04,0.3212,0,0,,2026-07-31,282,212.0,224.33333333333334,true,0,-0.3156,-0.055,142,HalcyonIndustries 257,Retail,India,1-50,outbound,C. Moreau,true,2022-11-21,5,0.833,SMB,Mature,Power,false,false,false,false,false,false,false,false,false,false,0,Low,
ACC-00218,2026-07-01,2026-07,23,33,growth,30,632.98,7595.76,2026-10-01,31,45,57,12,22,49,4,9,1,24,0.4,3.75,0.4444,1,0,1.0,2026-07-31,49,43.0,39.333333333333336,true,0,-0.0816,0.0932,92,NorthWorks 309,Technology,Canada,51-200,inbound,C. Moreau,true,2023-10-02,4,0.667,SMB,Mature,Engaged,false,false,false,false,false,false,false,false,false,false,0,Low,
ACC-00161,2026-07-01,2026-07,23,38,growth,31,613.78,7365.36,2027-05-18,31,101,160,19,27,148,3,7,3,12,0.6129,5.32,0.1485,0,0,,2026-07-31,130,102.0,100.0,true,0,-0.2231,0.02,321,RiverstoneLabs 109,Manufacturing,United States,1000+,partner,G. Alvarez,true,2023-05-19,3,0.5,SMB,Mature,Power,false,false,false,false,false,false,false,false,false,false,0,Low,
ACC-00398,2026-07-01,2026-07,23,18,growth,27,593.42,7121.04,2027-01-31,31,205,235,21,29,212,4,9,35,57,0.7778,9.76,0.1561,4,0,,2026-07-31,148,165.33333333333334,144.0,true,0,0.3851,0.1481,214,SolsticeWorks 393,Professional Services,United States,51-200,self_serve,A. Okafor,true,2025-01-31,4,0.667,SMB,Established,Power,false,false,false,false,false,false,false,false,false,false,0,Low,
ACC-00225,2026-07-01,2026-07,23,33,growth,31,587.15,7045.8,2026-10-15,31,13,18,10,11,18,3,6,1,3,0.3226,1.3,0.1538,2,0,,2026-07-31,12,11.666666666666666,11.666666666666666,true,0,,,106,RiverstoneAnalytics 263,Technology,United Kingdom,1-50,self_serve,E. Rossi,true,2023-10-16,3,0.5,SMB,Mature,Engaged,false,false,false,false,false,false,false,false,false,false,0,Low,
ACC-00388,2026-07-01,2026-07,23,18,growth,26,579.0,6948.0,2027-01-12,31,69,128,16,26,120,3,6,34,5,0.6154,4.31,0.1449,1,0,,2026-07-31,64,61.0,75.66666666666667,true,0,0.0781,-0.1938,195,GraniteGroup 500,Technology,United States,1-50,inbound,A. Okafor,true,2025-01-12,3,0.5,SMB,Established,Power,false,false,false,false,false,false,false,false,false,false,0,Low,
ACC-00393,2026-07-01,2026-07,23,18,growth,28,573.81,6885.72,2027-01-21,31,82,136,11,28,111,5,12,6,31,0.3929,7.45,0.4756,1,0,1.0,2026-07-31,113,97.66666666666667,98.0,true,0,-0.2743,-0.0034,204,HalcyonLabs 433,Professional Services,Australia,51-200,inbound,G. Alvarez,true,2025-01-21,5,0.833,SMB,Established,Engaged,false,false,false,false,false,false,false,false,false,false,0,Low,
ACC-00418,2026-07-01,2026-07,23,16,growth,26,566.5,6798.0,2027-03-10,31,93,122,21,25,115,3,6,11,11,0.8077,4.43,0.2151,0,0,,2026-07-31,117,89.0,95.33333333333333,true,0,-0.2051,-0.0664,252,CorvusSolutions 498,Professional Services,United States,201-1000,inbound,B. Lindqvist,true,2025-03-10,3,0.5,SMB,Established,Power,false,false,false,false,false,false,false,false,false,false,0,Low,
ACC-00376,2026-07-01,2026-07,23,19,growth,29,565.33,6783.96,2026-12-07,31,30,41,12,19,40,4,9,1,3,0.4138,2.5,0.3333,0,0,,2026-07-31,34,33.0,32.666666666666664,true,0,-0.1176,0.0102,159,RiverstoneSystems 483,Healthcare,United States,1000+,inbound,G. Alvarez,true,2024-12-07,4,0.667,SMB,Established,Engaged,false,false,false,false,false,false,false,false,false,false,0,Low,
ACC-00219,2026-07-01,2026-07,23,33,growth,28,555.7,6668.4,2026-10-04,31,21,38,9,16,36,3,6,2,2,0.3214,2.33,0.1905,0,0,,2026-07-31,18,20.333333333333332,23.0,true,0,,-0.1159,95,KestrelDynamics 088,Healthcare,United States,51-200,self_serve,B. Lindqvist,true,2023-10-05,3,0.5,SMB,Mature,Engaged,false,false,false,false,false,false,false,false,false,false,0,Low,
ACC-00297,2026-07-01,2026-07,23,26,growth,25,543.4,6520.8,2027-05-07,31,82,127,14,25,108,2,5,3,25,0.56,5.86,0.4268,0,0,,2026-07-31,74,81.0,80.66666666666667,true,0,0.1081,0.0041,310,HalcyonSystems 279,Technology,United States,51-200,partner,B. Lindqvist,true,2024-05-07,2,0.333,SMB,Mature,Power,false,false,false,false,false,false,false,false,false,false,0,Low,
ACC-00088,2026-07-01,2026-07,23,44,growth,28,526.39,6316.68,2026-11-01,31,149,219,19,26,190,3,6,56,28,0.6786,7.84,0.1745,1,1,3.0,2026-07-31,196,170.0,163.0,true,0,-0.2398,0.0429,123,VertexCollective 204,Retail,United Kingdom,1000+,self_serve,D. Sharma,true,2022-11-02,3,0.5,SMB,Mature,Power,false,false,false,false,false,false,false,false,false,false,0,Low,
ACC-00347,2026-07-01,2026-07,23,21,growth,26,510.22,6122.64,2026-10-22,31,96,175,12,24,135,3,7,22,18,0.4615,8.0,0.375,0,0,,2026-07-31,84,87.33333333333333,89.33333333333333,true,0,0.1429,-0.0224,113,LumenPartners 382,Education,United Kingdom,1-50,referral,A. Okafor,true,2024-10-22,3,0.5,SMB,Established,Engaged,false,false,false,false,false,false,false,false,false,false,0,Low,
ACC-00348,2026-07-01,2026-07,23,21,growth,23,509.74,6116.88,2026-10-25,31,85,110,12,25,107,6,17,14,23,0.5217,7.08,0.1882,0,0,,2026-07-31,79,77.66666666666667,61.666666666666664,true,0,0.0759,0.2595,116,CedarWorks 489,Professional Services,Canada,201-1000,partner,H. Nowak,true,2024-10-25,6,1.0,SMB,Established,Power,false,false,false,false,false,false,false,false,false,false,0,Low,
ACC-00186,2026-07-01,2026-07,23,37,growth,22,484.18,5810.16,2027-06-19,31,73,94,13,24,87,6,16,9,28,0.5909,5.62,0.2603,1,0,,2026-07-31,47,62.333333333333336,68.0,true,0,0.5532,-0.0833,353,IronTechnologies 091,Financial Services,United Kingdom,51-200,self_serve,H. Nowak,true,2023-06-20,6,1.0,SMB,Mature,Power,false,false,false,false,false,false,false,false,false,false,0,Low,
ACC-00031,2026-07-01,2026-07,23,49,growth,21,481.05,5772.6,2027-06-18,31,60,107,17,25,104,2,3,9,0,0.8095,3.53,0.2,1,1,5.0,2026-07-31,36,39.0,35.666666666666664,true,0,0.6667,0.0935,352,SolsticeTechnologies 151,Retail,India,51-200,self_serve,B. Lindqvist,true,2022-06-19,2,0.333,SMB,Mature,Power,false,false,false,false,false,false,false,false,false,false,0,Low,
ACC-00417,2026-07-01,2026-07,23,16,growth,22,476.06,5712.72,2027-03-07,31,59,86,14,23,80,4,10,3,19,0.6364,4.21,0.2542,1,1,,2026-07-31,67,62.333333333333336,58.0,true,0,-0.1194,0.0747,249,GraniteDynamics 412,Retail,Germany,51-200,outbound,F. Tanaka,true,2025-03-07,4,0.667,SMB,Established,Power,false,false,false,false,false,false,false,false,false,false,0,Low,
ACC-00252,2026-07-01,2026-07,23,30,growth,22,476.05,5712.6,2027-01-20,31,301,468,17,31,290,6,17,36,96,0.7727,17.71,0.4352,0,0,,2026-07-31,257,266.0,241.66666666666666,true,0,0.1712,0.1007,203,PinnacleLabs 253,Non-profit,Canada,51-200,self_serve,B. Lindqvist,true,2024-01-21,6,1.0,SMB,Mature,Power,false,false,false,false,false,false,false,false,false,false,0,Low,
ACC-00499,2026-07-01,2026-07,23,7,growth,21,472.22,5666.64,2026-12-27,31,133,147,12,25,123,2,4,0,7,0.5714,11.08,0.2932,0,0,,2026-07-31,104,109.33333333333333,118.33333333333333,true,0,0.2788,-0.0761,179,BlueSolutions 486,Technology,Canada,201-1000,partner,A. Okafor,true,2025-12-27,2,0.333,SMB,Establishing,Power,false,false,false,false,false,false,false,false,false,false,0,Low,
ACC-00138,2026-07-01,2026-07,23,40,growth,23,454.45,5453.4,2027-03-14,31,104,125,16,27,114,2,4,0,28,0.6957,6.5,0.1923,0,0,,2026-07-31,89,92.0,98.33333333333333,true,0,0.1685,-0.0644,256,QuartzLabs 229,Healthcare,United States,51-200,self_serve,D. Sharma,true,2023-03-15,2,0.333,SMB,Mature,Power,false,false,false,false,false,false,false,false,false,false,0,Low,
ACC-00224,2026-07-01,2026-07,23,33,growth,21,442.12,5305.44,2026-10-13,31,47,68,13,24,66,4,9,12,18,0.619,3.62,0.3404,1,0,,2026-07-31,36,43.333333333333336,47.333333333333336,true,0,0.3056,-0.0845,104,RiverstoneTechnologies 307,,United Kingdom,51-200,partner,H. Nowak,true,2023-10-14,4,0.667,SMB,Mature,Power,false,false,false,false,false,false,false,false,false,false,0,Low,
ACC-00438,2026-07-01,2026-07,23,15,growth,21,439.53,5274.36,2027-04-14,31,180,282,13,30,219,3,8,11,39,0.619,13.85,0.3056,1,0,1.0,2026-07-31,147,141.66666666666666,139.0,true,0,0.2245,0.0192,287,EmberlySolutions 438,Healthcare,United Kingdom,201-1000,inbound,H. Nowak,true,2025-04-14,3,0.5,SMB,Established,Power,false,false,false,false,false,false,false,false,false,false,0,Low,
ACC-00078,2026-07-01,2026-07,23,45,growth,22,429.8,5157.6,2026-10-12,31,37,118,13,23,108,2,3,12,0,0.5909,2.85,0.2432,0,0,,2026-07-31,57,49.333333333333336,50.0,true,0,-0.3509,-0.0133,103,EmberlySolutions 174,Technology,United States,1000+,partner,E. Rossi,true,2022-10-13,2,0.333,SMB,Mature,Power,false,false,false,false,false,false,false,false,false,false,0,Low,
ACC-00391,2026-07-01,2026-07,23,18,growth,22,425.52,5106.24,2027-01-20,31,155,233,15,31,198,5,14,9,34,0.6818,10.33,0.2516,0,0,,2026-07-31,164,147.0,139.33333333333334,true,0,-0.0549,0.055,203,KestrelCollective 396,Financial Services,United States,51-200,inbound,D. Sharma,true,2025-01-20,5,0.833,SMB,Established,Power,false,false,false,false,false,false,false,false,false,false,0,Low,
ACC-00232,2026-07-01,2026-07,23,32,growth,20,407.82,4893.84,2026-11-04,31,107,131,12,27,110,6,16,9,21,0.6,8.92,0.3738,0,0,,2026-07-31,95,93.33333333333333,66.33333333333333,true,0,0.1263,0.407,126,PinnacleAnalytics 143,Professional Services,United Kingdom,201-1000,inbound,D. Sharma,true,2023-11-05,6,1.0,SMB,Mature,Power,false,false,false,false,false,false,false,false,false,false,0,Low,
ACC-00251,2026-07-01,2026-07,23,30,growth,19,405.46,4865.52,2027-01-19,31,98,105,10,26,83,4,9,11,15,0.5263,9.8,0.6122,1,0,,2026-07-31,62,76.33333333333333,84.33333333333333,true,0,0.5806,-0.0949,202,VertexCollective 072,Professional Services,Germany,51-200,inbound,F. Tanaka,true,2024-01-20,4,0.667,SMB,Mature,Power,false,false,false,false,false,false,false,false,false,false,0,Low,
ACC-00175,2026-07-01,2026-07,23,37,growth,20,395.15,4741.8,2027-06-09,31,33,52,8,19,50,2,4,4,11,0.4,4.13,0.2424,1,0,,2026-07-31,33,32.0,22.666666666666668,true,0,0.0,0.4118,343,RiverstoneSystems 219,Technology,United States,51-200,self_serve,D. Sharma,true,2023-06-10,2,0.333,SMB,Mature,Engaged,false,false,false,false,false,false,false,false,false,false,0,Low,
ACC-00272,2026-07-01,2026-07,23,28,growth,17,355.3,4263.6,2027-03-11,31,86,122,14,25,99,3,7,9,6,0.8235,6.14,0.4824,2,1,5.0,2026-07-31,66,75.33333333333333,73.33333333333333,true,0,0.303,0.0273,253,LumenHoldings 074,Technology,United States,51-200,self_serve,F. Tanaka,true,2024-03-11,3,0.5,SMB,Mature,Power,false,false,false,false,false,false,false,false,false,false,0,Low,
ACC-00039,2026-07-01,2026-07,23,48,growth,17,345.67,4148.04,2027-07-08,31,61,88,14,23,77,5,14,17,16,0.8235,4.36,0.4098,1,0,,2026-07-31,63,59.333333333333336,55.0,true,0,-0.0317,0.0788,372,MeridianIndustries 101,Manufacturing,United States,51-200,outbound,B. Lindqvist,true,2022-07-09,5,0.833,SMB,Mature,Power,false,false,false,false,false,false,false,false,false,false,0,Low,
ACC-00336,2026-07-01,2026-07,23,21,growth,18,340.05,4080.6,2026-10-08,31,72,112,10,29,103,2,5,0,19,0.5556,7.2,0.2222,1,0,,2026-07-31,57,56.666666666666664,47.333333333333336,true,0,0.2632,0.1972,99,HarborLabs 469,Education,United States,201-1000,self_serve,B. Lindqvist,true,2024-10-08,2,0.333,SMB,Established,Power,false,false,false,false,false,false,false,false,false,false,0,Low,
ACC-00179,2026-07-01,2026-07,23,37,starter,28,294.03,3528.36,2027-06-12,31,116,167,11,29,145,6,14,8,34,0.3929,10.55,0.2759,1,0,,2026-07-31,94,94.66666666666667,106.0,true,0,0.234,-0.1069,346,LumenSolutions 030,Technology,United States,1000+,self_serve,B. Lindqvist,true,2023-06-13,6,1.0,Self-Serve,Mature,Engaged,false,false,false,false,false,false,false,false,false,false,0,Low,
ACC-00026,2026-07-01,2026-07,23,50,growth,14,277.13,3325.56,2027-05-16,31,36,53,11,18,50,4,8,9,9,0.7857,3.27,0.3333,0,0,,2026-07-30,39,34.666666666666664,31.0,true,0,-0.0769,0.1183,319,SummitCollective 048,Education,United Kingdom,1-50,self_serve,E. Rossi,true,2022-05-17,4,0.667,SMB,Mature,Power,false,false,false,false,false,false,false,false,false,false,0,Low,
ACC-00173,2026-07-01,2026-07,23,37,starter,24,262.31,3147.72,2027-06-06,31,387,577,16,30,405,5,14,22,92,0.6667,24.19,0.2222,0,0,,2026-07-31,279,295.3333333333333,262.0,true,0,0.3871,0.1272,340,QuartzTechnologies 031,Technology,United States,201-1000,self_serve,E. Rossi,true,2023-06-07,5,0.833,Self-Serve,Mature,Power,false,false,false,false,false,false,false,false,false,false,0,Low,
ACC-00387,2026-07-01,2026-07,23,18,starter,20,250.57,3006.84,2027-01-10,31,52,84,8,22,74,4,9,12,10,0.4,6.5,0.3462,0,0,,2026-07-31,47,47.666666666666664,29.0,true,0,0.1064,0.6437,193,CobaltHoldings 326,Professional Services,United States,51-200,self_serve,F. Tanaka,true,2025-01-10,4,0.667,Self-Serve,Established,Engaged,false,false,false,false,false,false,false,false,false,false,0,Low,
ACC-00099,2026-07-01,2026-07,23,44,starter,21,247.01,2964.12,2026-11-27,31,105,162,13,27,138,5,13,6,36,0.619,8.08,0.3714,1,0,,2026-07-31,121,110.66666666666667,105.66666666666667,true,0,-0.1322,0.0473,149,CorvusGroup 080,Manufacturing,United Kingdom,1-50,partner,C. Moreau,true,2022-11-28,5,0.833,Self-Serve,Mature,Power,false,false,false,false,false,false,false,false,false,false,0,Low,
ACC-00273,2026-07-01,2026-07,23,28,starter,21,246.87,2962.44,2027-03-13,31,82,105,14,25,94,4,9,10,14,0.6667,5.86,0.3293,1,0,5.0,2026-07-31,60,59.333333333333336,42.333333333333336,true,0,0.3667,0.4016,255,CobaltSolutions 018,Financial Services,United States,51-200,partner,B. Lindqvist,true,2024-03-13,4,0.667,Self-Serve,Mature,Power,false,false,false,false,false,false,false,false,false,false,0,Low,
ACC-00135,2026-07-01,2026-07,23,40,starter,22,238.35,2860.2,2027-03-07,31,49,71,8,23,62,5,10,5,9,0.3636,6.13,0.6327,2,1,1.0,2026-07-31,46,43.666666666666664,51.666666666666664,true,0,0.0652,-0.1548,249,KestrelGroup 308,Professional Services,United States,51-200,inbound,A. Okafor,true,2023-03-08,5,0.833,Self-Serve,Mature,Engaged,false,false,false,false,false,false,false,false,false,false,0,Low,
ACC-00249,2026-07-01,2026-07,23,30,starter,23,235.08,2820.96,2027-01-10,31,50,73,12,23,65,2,3,18,0,0.5217,4.17,0.48,0,0,,2026-07-31,40,39.0,43.0,true,0,0.25,-0.093,193,CorvusSolutions 102,Manufacturing,United States,1000+,inbound,C. Moreau,true,2024-01-11,2,0.333,Self-Serve,Mature,Power,false,false,false,false,false,false,false,false,false,false,0,Low,
ACC-00036,2026-07-01,2026-07,23,48,starter,22,227.14,2725.68,2027-07-02,31,48,79,9,24,73,3,6,4,6,0.4091,5.33,0.4167,2,0,,2026-07-31,44,40.666666666666664,35.666666666666664,true,0,0.0909,0.1402,366,SolsticeTechnologies 019,Financial Services,Germany,51-200,self_serve,A. Okafor,true,2022-07-03,3,0.5,Self-Serve,Mature,Engaged,false,false,false,false,false,false,false,false,false,false,0,Low,
ACC-00044,2026-07-01,2026-07,23,48,starter,19,214.79,2577.48,2027-07-24,31,92,139,12,26,123,4,9,24,25,0.6316,7.67,0.2826,0,0,,2026-07-31,93,99.66666666666667,107.33333333333333,true,0,-0.0108,-0.0714,388,OnyxPartners 166,Healthcare,United States,1000+,inbound,C. Moreau,true,2022-07-25,4,0.667,Self-Serve,Mature,Power,false,false,false,false,false,false,false,false,false,false,0,Low,
ACC-00307,2026-07-01,2026-07,23,25,starter,21,214.32,2571.84,2027-06-14,31,229,323,9,27,202,5,14,37,74,0.4286,25.44,0.4934,2,1,2.0,2026-07-31,186,192.33333333333334,178.0,true,0,0.2312,0.0805,348,CorvusCollective 300,Retail,United States,1-50,self_serve,H. Nowak,true,2024-06-14,5,0.833,Self-Serve,Mature,Engaged,false,false,false,false,false,false,false,false,false,false,0,Low,
ACC-00461,2026-07-01,2026-07,23,14,starter,18,214.27,2571.24,2027-05-26,31,77,113,9,27,92,6,16,11,20,0.5,8.56,0.5714,0,0,,2026-07-31,94,85.33333333333333,113.0,true,0,-0.1809,-0.2448,329,BlueDynamics 376,Technology,United Kingdom,201-1000,partner,H. Nowak,true,2025-05-26,6,1.0,Self-Serve,Established,Power,false,false,false,false,false,false,false,false,false,false,0,Low,
ACC-00293,2026-07-01,2026-07,23,27,starter,20,213.38,2560.56,2027-04-25,31,45,118,10,22,103,2,4,10,19,0.5,4.5,0.2,0,0,,2026-07-31,46,44.333333333333336,30.0,true,0,-0.0217,0.4778,298,SolsticeLabs 217,Healthcare,United States,51-200,inbound,B. Lindqvist,true,2024-04-25,2,0.333,Self-Serve,Mature,Power,false,false,false,false,false,false,false,false,false,false,0,Low,
ACC-00149,2026-07-01,2026-07,23,39,starter,20,211.52,2538.24,2027-04-23,31,111,155,10,28,132,5,13,14,28,0.5,11.1,0.2523,1,0,,2026-07-31,95,105.33333333333333,119.33333333333333,true,0,0.1684,-0.1173,296,RiverstoneWorks 021,Technology,United States,51-200,inbound,B. Lindqvist,true,2023-04-24,5,0.833,Self-Serve,Mature,Power,false,false,false,false,false,false,false,false,false,false,0,Low,
ACC-00111,2026-07-01,2026-07,23,43,starter,18,209.81,2517.72,2026-12-27,31,87,123,10,29,105,4,10,7,26,0.5556,8.7,0.4138,0,0,,2026-07-31,100,92.33333333333333,81.33333333333333,true,0,-0.13,0.1352,179,EmberlyPartners 130,Financial Services,United Kingdom,51-200,partner,E. Rossi,true,2022-12-28,4,0.667,Self-Serve,Mature,Power,false,false,false,false,false,false,false,false,false,false,0,Low,
ACC-00462,2026-07-01,2026-07,23,14,starter,19,203.47,2441.64,2027-05-28,31,106,192,10,25,132,4,11,6,21,0.5263,10.6,0.3774,0,0,,2026-07-31,124,117.0,116.0,true,0,-0.1452,0.0086,331,MeridianAnalytics 431,Healthcare,India,1-50,inbound,G. Alvarez,true,2025-05-28,4,0.667,Self-Serve,Established,Power,false,false,false,false,false,false,false,false,false,false,0,Low,
ACC-00250,2026-07-01,2026-07,23,30,starter,19,200.44,2405.28,2027-01-14,31,54,93,10,24,85,2,5,0,22,0.5263,5.4,0.4074,0,0,,2026-07-31,53,54.333333333333336,65.66666666666667,true,0,0.0189,-0.1726,197,LumenDynamics 052,Technology,Germany,1-50,referral,C. Moreau,true,2024-01-15,2,0.333,Self-Serve,Mature,Power,false,false,false,false,false,false,false,false,false,false,0,Low,
ACC-00465,2026-07-01,2026-07,23,13,starter,17,200.19,2402.28,2027-06-20,31,52,68,8,24,60,4,9,5,11,0.4706,6.5,0.5385,1,0,,2026-07-31,37,47.0,49.666666666666664,true,0,0.4054,-0.0537,354,EmberlyGroup 416,Healthcare,United States,51-200,outbound,B. Lindqvist,true,2025-06-20,4,0.667,Self-Serve,Established,Engaged,false,false,false,false,false,false,false,false,false,false,0,Low,
ACC-00028,2026-07-01,2026-07,23,49,starter,19,198.63,2383.56,2027-06-16,31,85,121,8,26,105,6,17,9,21,0.4211,10.63,0.2588,1,0,5.0,2026-07-31,68,66.33333333333333,65.33333333333333,true,0,0.25,0.0153,350,VertexSolutions 006,Non-profit,United Kingdom,1000+,outbound,C. Moreau,true,2022-06-17,6,1.0,Self-Serve,Mature,Engaged,false,false,false,false,false,false,false,false,false,false,0,Low,
ACC-00409,2026-07-01,2026-07,23,17,starter,19,198.15,2377.8,2027-02-20,31,77,100,13,27,93,3,8,0,5,0.6842,5.92,0.1948,0,0,,2026-07-31,63,68.66666666666667,75.66666666666667,true,0,0.2222,-0.0925,234,PinnacleSystems 363,Education,Canada,51-200,inbound,G. Alvarez,true,2025-02-20,3,0.5,Self-Serve,Established,Power,false,false,false,false,false,false,false,false,false,false,0,Low,
ACC-00266,2026-07-01,2026-07,23,29,starter,16,195.71,2348.52,2027-02-21,31,93,115,8,27,90,5,13,4,25,0.5,11.63,0.5269,1,1,,2026-07-31,82,79.0,70.33333333333333,true,0,0.1341,0.1232,235,QuartzWorks 273,Retail,United States,1000+,self_serve,A. Okafor,true,2024-02-22,5,0.833,Self-Serve,Mature,Power,false,false,false,false,false,false,false,false,false,false,0,Low,
ACC-00463,2026-07-01,2026-07,23,13,starter,16,190.01,2280.12,2027-06-01,31,75,113,12,27,97,5,13,1,15,0.75,6.25,0.24,0,0,,2026-07-31,57,57.666666666666664,63.0,true,0,0.3158,-0.0847,335,RiverstoneLabs 373,Technology,Germany,51-200,inbound,E. Rossi,true,2025-06-01,5,0.833,Self-Serve,Established,Power,false,false,false,false,false,false,false,false,false,false,0,Low,
ACC-00014,2026-07-01,2026-07,23,51,starter,15,188.61,2263.32,2027-04-07,31,92,125,7,26,102,5,13,7,22,0.4667,13.14,0.3152,0,0,,2026-07-31,138,115.66666666666667,96.66666666666667,true,0,-0.3333,0.1966,280,CedarLabs 181,Education,Germany,1-50,inbound,C. Moreau,true,2022-04-08,5,0.833,Self-Serve,Mature,Engaged,false,false,false,false,false,false,false,false,false,false,0,Low,
ACC-00004,2026-07-01,2026-07,23,52,starter,18,187.42,2249.04,2027-02-28,31,163,207,11,29,136,6,17,13,43,0.6111,14.82,0.6074,0,0,,2026-07-31,203,172.33333333333334,174.66666666666666,true,0,-0.197,-0.0134,242,QuartzWorks 141,Professional Services,United States,201-1000,inbound,D. Sharma,true,2022-03-01,6,1.0,Self-Serve,Mature,Power,false,false,false,false,false,false,false,false,false,false,0,Low,
ACC-00090,2026-07-01,2026-07,23,44,starter,18,185.24,2222.88,2026-11-03,31,59,73,9,24,66,3,7,0,12,0.5,6.56,0.4068,0,0,,2026-07-31,61,55.333333333333336,47.666666666666664,true,0,-0.0328,0.1608,125,LumenGroup 008,Retail,United States,1000+,partner,D. Sharma,true,2022-11-04,3,0.5,Self-Serve,Mature,Power,false,false,false,false,false,false,false,false,false,false,0,Low,
ACC-00460,2026-07-01,2026-07,23,14,starter,16,183.7,2204.4,2027-05-26,31,54,76,8,24,67,3,7,8,17,0.5,6.75,0.2778,1,0,,2026-07-31,61,56.333333333333336,49.0,true,0,-0.1148,0.1497,329,GranitePartners 478,Professional Services,India,1000+,self_serve,H. Nowak,true,2025-05-26,3,0.5,Self-Serve,Established,Power,false,false,false,false,false,false,false,false,false,false,0,Low,
ACC-00346,2026-07-01,2026-07,23,21,starter,17,173.87,2086.44,2026-10-22,31,25,40,11,18,40,2,4,0,12,0.6471,2.27,0.16,0,0,,2026-07-31,25,26.0,23.0,true,0,0.0,0.1304,113,WillowAnalytics 347,Healthcare,Australia,1-50,referral,D. Sharma,true,2024-10-22,2,0.333,Self-Serve,Established,Power,false,false,false,false,false,false,false,false,false,false,0,Low,
ACC-00113,2026-07-01,2026-07,23,42,starter,14,172.34,2068.08,2026-12-31,31,26,38,7,16,34,3,6,2,3,0.5,3.71,0.6923,1,0,1.0,2026-07-30,41,32.666666666666664,18.0,true,0,-0.3659,,183,GraniteCollective 192,Manufacturing,Canada,1000+,self_serve,A. Okafor,true,2023-01-01,3,0.5,Self-Serve,Mature,Power,false,false,false,false,false,false,false,false,false,false,0,Low,
ACC-00097,2026-07-01,2026-07,23,44,starter,14,171.82,2061.84,2026-11-20,31,36,41,5,22,39,4,10,1,9,0.3571,7.2,0.6389,0,0,,2026-07-31,31,32.666666666666664,27.666666666666668,true,0,0.1613,0.1807,142,CedarLabs 049,Financial Services,United States,1-50,referral,C. Moreau,true,2022-11-21,4,0.667,Self-Serve,Mature,Engaged,false,false,false,false,false,false,false,false,false,false,0,Low,
ACC-00450,2026-07-01,2026-07,23,14,starter,14,169.84,2038.08,2027-05-02,31,62,91,10,22,81,4,11,0,17,0.7143,6.2,0.3871,1,0,,2026-07-31,55,58.333333333333336,63.0,true,0,0.1273,-0.0741,305,IronWorks 465,Professional Services,United States,51-200,referral,D. Sharma,true,2025-05-02,4,0.667,Self-Serve,Established,Power,false,false,false,false,false,false,false,false,false,false,0,Low,
ACC-00386,2026-07-01,2026-07,23,18,starter,15,168.28,2019.36,2027-01-07,31,62,151,9,25,104,2,5,6,8,0.6,6.89,0.7581,0,0,,2026-07-31,55,58.666666666666664,42.333333333333336,true,0,0.1273,0.3858,190,HarborIndustries 425,Technology,India,1-50,outbound,D. Sharma,true,2025-01-07,2,0.333,Self-Serve,Established,Power,false,false,false,false,false,false,false,false,false,false,0,Low,
ACC-00425,2026-07-01,2026-07,23,16,starter,14,168.16,2017.92,2027-03-21,31,80,107,7,28,78,5,13,12,13,0.5,11.43,0.7375,0,0,,2026-07-31,52,65.0,53.333333333333336,true,0,0.5385,0.2187,263,HalcyonAnalytics 323,Financial Services,United States,51-200,inbound,F. Tanaka,true,2025-03-21,5,0.833,Self-Serve,Established,Power,false,false,false,false,false,false,false,false,false,false,0,Low,
ACC-00458,2026-07-01,2026-07,23,14,starter,14,165.93,1991.16,2027-05-20,31,83,121,8,25,96,6,16,13,24,0.5714,10.38,0.5301,0,0,,2026-07-31,75,74.66666666666667,77.66666666666667,true,0,0.1067,-0.0386,323,NorthIndustries 353,Retail,Australia,1-50,self_serve,G. Alvarez,true,2025-05-20,6,1.0,Self-Serve,Established,Power,false,false,false,false,false,false,false,false,false,false,0,Low,
ACC-00007,2026-07-01,2026-07,23,52,starter,14,163.89,1966.68,2027-03-11,31,70,110,10,24,96,3,7,6,8,0.7143,7.0,0.2857,1,0,,2026-07-31,70,69.0,81.0,true,0,0.0,-0.1481,253,AsterDynamics 208,Non-profit,Germany,1-50,self_serve,H. Nowak,true,2022-03-12,3,0.5,Self-Serve,Mature,Power,false,false,false,false,false,false,false,false,false,false,0,Low,
ACC-00358,2026-07-01,2026-07,23,20,starter,14,162.5,1950.0,2026-11-05,31,145,209,12,28,173,6,17,18,30,0.8571,12.08,0.3172,0,0,,2026-07-31,148,142.66666666666666,127.33333333333333,true,0,-0.0203,0.1204,127,RiverstoneIndustries 461,Professional Services,Australia,201-1000,inbound,B. Lindqvist,true,2024-11-05,6,1.0,Self-Serve,Established,Power,false,false,false,false,false,false,false,false,false,false,0,Low,
ACC-00024,2026-07-01,2026-07,23,50,starter,14,160.23,1922.76,2027-05-12,31,12,25,5,10,25,2,4,9,1,0.3571,2.4,0.3333,1,1,,2026-07-31,12,8.666666666666666,18.333333333333332,true,0,,,315,HarborAnalytics 095,Retail,Germany,1000+,self_serve,B. Lindqvist,true,2022-05-13,2,0.333,Self-Serve,Mature,Engaged,false,false,false,false,false,false,false,false,false,false,0,Low,
ACC-00340,2026-07-01,2026-07,23,21,starter,14,160.17,1922.04,2026-10-15,31,43,73,7,20,56,4,9,0,6,0.5,6.14,0.6279,1,1,,2026-07-29,37,44.333333333333336,47.333333333333336,true,0,0.1622,-0.0634,106,MeridianSystems 387,Retail,India,51-200,self_serve,E. Rossi,true,2024-10-15,4,0.667,Self-Serve,Established,Power,false,false,false,false,false,false,false,false,false,false,0,Low,
ACC-00349,2026-07-01,2026-07,23,21,starter,14,159.83,1917.96,2026-10-25,31,106,158,9,28,131,6,17,11,25,0.6429,11.78,0.3396,0,0,,2026-07-31,72,79.33333333333333,95.33333333333333,true,0,0.4722,-0.1678,116,LumenHoldings 470,Professional Services,United States,1000+,inbound,G. Alvarez,true,2024-10-25,6,1.0,Self-Serve,Established,Power,false,false,false,false,false,false,false,false,false,false,0,Low,
ACC-00467,2026-07-01,2026-07,23,12,starter,14,159.73,1916.76,2027-07-19,31,56,76,9,25,73,6,15,9,14,0.6429,6.22,0.2679,1,0,4.0,2026-07-31,51,53.333333333333336,60.666666666666664,true,0,0.098,-0.1209,383,PinnacleWorks 429,Technology,United States,51-200,self_serve,A. Okafor,true,2025-07-19,6,1.0,Self-Serve,Established,Power,false,false,false,false,false,false,false,false,false,false,0,Low,
ACC-00229,2026-07-01,2026-07,23,33,starter,15,159.21,1910.52,2026-10-28,31,95,142,8,27,88,6,17,11,25,0.5333,11.88,0.7895,1,0,,2026-07-31,82,90.66666666666667,105.0,true,0,0.1585,-0.1365,119,MeridianAnalytics 299,Non-profit,United States,1-50,inbound,B. Lindqvist,true,2023-10-29,6,1.0,Self-Serve,Mature,Power,false,false,false,false,false,false,false,false,false,false,0,Low,
ACC-00361,2026-07-01,2026-07,23,20,starter,15,158.31,1899.72,2026-11-16,31,172,218,10,27,169,5,13,28,44,0.6667,17.2,0.3198,0,0,,2026-07-31,225,201.33333333333334,169.66666666666666,true,0,-0.2356,0.1866,138,IronSystems 399,Technology,United States,1-50,self_serve,E. Rossi,true,2024-11-16,5,0.833,Self-Serve,Established,Power,false,false,false,false,false,false,false,false,false,false,0,Low,
ACC-00359,2026-07-01,2026-07,23,20,starter,13,152.57,1830.84,2026-11-06,31,151,246,10,28,158,5,14,5,32,0.7692,15.1,0.6093,0,0,,2026-07-31,221,181.0,179.0,true,0,-0.3167,0.0112,128,CobaltPartners 370,Professional Services,United States,1-50,self_serve,E. Rossi,true,2024-11-06,5,0.833,Self-Serve,Established,Power,false,false,false,false,false,false,false,false,false,false,0,Low,
ACC-00181,2026-07-01,2026-07,23,37,starter,12,148.8,1785.6,2027-06-15,31,42,63,4,22,53,5,12,0,14,0.3333,10.5,0.5714,0,0,,2026-07-31,32,40.666666666666664,46.0,true,0,0.3125,-0.1159,349,PinnacleLabs 121,,Australia,51-200,self_serve,D. Sharma,true,2023-06-16,5,0.833,Self-Serve,Mature,Engaged,false,false,false,false,false,false,false,false,false,false,0,Low,
ACC-00087,2026-07-01,2026-07,23,44,starter,14,146.97,1763.64,2026-10-31,31,308,380,8,31,213,6,16,18,91,0.5714,38.5,0.5162,1,1,,2026-07-31,230,244.33333333333334,217.66666666666666,true,0,0.3391,0.1225,122,RiverstoneTechnologies 043,Technology,Canada,51-200,self_serve,F. Tanaka,true,2022-11-01,6,1.0,Self-Serve,Mature,Power,false,false,false,false,false,false,false,false,false,false,0,Low,
ACC-00406,2026-07-01,2026-07,23,17,starter,14,145.47,1745.64,2027-02-16,31,142,174,10,28,144,5,13,9,37,0.7143,14.2,0.3732,0,0,,2026-07-31,107,127.33333333333333,143.0,true,0,0.3271,-0.1096,230,LumenCollective 360,Financial Services,Canada,201-1000,partner,C. Moreau,true,2025-02-16,5,0.833,Self-Serve,Established,Power,false,false,false,false,false,false,false,false,false,false,0,Low,
ACC-00457,2026-07-01,2026-07,23,14,starter,14,144.31,1731.72,2027-05-19,31,54,68,9,21,67,3,9,4,15,0.6429,6.0,0.2222,0,0,,2026-07-31,36,44.333333333333336,49.333333333333336,true,0,0.5,-0.1014,322,CorvusGroup 344,Professional Services,Australia,1-50,self_serve,F. Tanaka,true,2025-05-19,3,0.5,Self-Serve,Established,Power,false,false,false,false,false,false,false,false,false,false,0,Low,
ACC-00235,2026-07-01,2026-07,23,32,starter,12,143.66,1723.92,2026-11-08,31,98,126,9,26,102,4,12,1,31,0.75,10.89,0.5612,0,0,,2026-07-31,95,94.33333333333333,103.0,true,0,0.0316,-0.0841,130,CobaltCollective 216,Technology,Australia,1-50,partner,B. Lindqvist,true,2023-11-09,4,0.667,Self-Serve,Mature,Power,false,false,false,false,false,false,false,false,false,false,0,Low,
ACC-00464,2026-07-01,2026-07,23,13,starter,13,137.38,1648.56,2027-06-05,31,55,68,10,24,63,4,11,4,11,0.7692,5.5,0.3455,0,0,,2026-07-31,31,45.333333333333336,45.0,true,0,0.7742,0.0074,339,EmberlyHoldings 350,Manufacturing,United States,201-1000,inbound,B. Lindqvist,true,2025-06-05,4,0.667,Self-Serve,Established,Power,false,false,false,false,false,false,false,false,false,false,0,Low,
ACC-00254,2026-07-01,2026-07,23,30,starter,11,137.26,1647.12,2027-01-27,31,103,132,5,27,101,6,15,6,34,0.4545,20.6,0.4369,0,0,,2026-07-31,77,78.0,66.33333333333333,true,0,0.3377,0.1759,210,QuartzAnalytics 251,Non-profit,United States,201-1000,self_serve,F. Tanaka,true,2024-01-28,6,1.0,Self-Serve,Mature,Engaged,false,false,false,false,false,false,false,false,false,false,0,Low,
ACC-00141,2026-07-01,2026-07,23,40,starter,11,133.93,1607.16,2027-03-17,31,66,120,9,26,81,2,3,13,0,0.8182,7.33,0.7273,0,0,,2026-07-31,86,73.0,72.33333333333333,true,0,-0.2326,0.0092,259,SolsticeIndustries 305,Financial Services,Germany,1-50,inbound,B. Lindqvist,true,2023-03-18,2,0.333,Self-Serve,Mature,Power,false,false,false,false,false,false,false,false,false,false,0,Low,
ACC-00233,2026-07-01,2026-07,23,32,starter,11,132.89,1594.68,2026-11-04,31,40,58,6,21,55,2,3,10,0,0.5455,6.67,0.4,0,0,,2026-07-31,55,42.333333333333336,40.333333333333336,true,0,-0.2727,0.0496,126,WillowSystems 039,Professional Services,United States,201-1000,partner,F. Tanaka,true,2023-11-05,2,0.333,Self-Serve,Mature,Power,false,false,false,false,false,false,false,false,false,false,0,Low,
ACC-00247,2026-07-01,2026-07,23,30,starter,13,132.82,1593.84,2027-01-07,31,39,67,6,23,65,2,5,0,7,0.4615,6.5,0.3333,1,0,3.0,2026-07-31,27,34.333333333333336,32.0,true,0,0.4444,0.0729,190,SummitGroup 224,Non-profit,Australia,1-50,self_serve,G. Alvarez,true,2024-01-08,2,0.333,Self-Serve,Mature,Engaged,false,false,false,false,false,false,false,false,false,false,0,Low,
ACC-00494,2026-07-01,2026-07,23,8,starter,11,131.88,1582.56,2026-11-28,31,42,63,6,20,55,3,9,1,14,0.5455,7.0,0.5238,0,0,,2026-07-31,39,37.666666666666664,32.0,true,0,0.0769,0.1771,150,VertexCollective 336,Technology,United States,1-50,partner,H. Nowak,true,2025-11-28,3,0.5,Self-Serve,Establishing,Power,false,false,false,false,false,false,false,false,false,false,0,Low,
ACC-00098,2026-07-01,2026-07,23,44,starter,11,129.78,1557.36,2026-11-26,31,80,114,8,27,97,5,13,12,21,0.7273,10.0,0.325,0,0,,2026-07-31,71,69.33333333333333,65.33333333333333,true,0,0.1268,0.0612,148,SolsticeTechnologies 283,Technology,United Kingdom,1000+,inbound,C. Moreau,true,2022-11-27,5,0.833,Self-Serve,Mature,Power,false,false,false,false,false,false,false,false,false,false,0,Low,
ACC-00300,2026-07-01,2026-07,23,26,starter,11,129.03,1548.36,2027-05-25,31,26,42,6,15,39,4,8,3,3,0.5455,4.33,0.6923,0,0,,2026-07-31,22,23.333333333333332,26.333333333333332,true,0,0.1818,-0.1139,328,OnyxGroup 056,Technology,Canada,1-50,inbound,B. Lindqvist,true,2024-05-25,4,0.667,Self-Serve,Mature,Power,false,false,false,false,false,false,false,false,false,false,0,Low,
ACC-00133,2026-07-01,2026-07,23,40,starter,12,126.95,1523.4,2027-03-06,31,4,5,4,3,5,3,4,1,1,0.3333,1.0,0.25,0,0,,2026-07-23,3,4.333333333333333,9.333333333333334,true,0,,,248,IronIndustries 113,Retail,United States,1-50,outbound,G. Alvarez,true,2023-03-07,3,0.5,Self-Serve,Mature,Casual,false,false,false,false,false,false,false,false,false,false,0,Low,
ACC-00382,2026-07-01,2026-07,23,19,starter,12,124.97,1499.64,2026-12-28,31,53,81,6,25,65,6,13,6,6,0.5,8.83,0.5849,1,0,,2026-07-31,78,62.0,76.66666666666667,true,0,-0.3205,-0.1913,180,OnyxDynamics 364,,Canada,1-50,inbound,D. Sharma,true,2024-12-28,6,1.0,Self-Serve,Established,Power,false,false,false,false,false,false,false,false,false,false,0,Low,
ACC-00255,2026-07-01,2026-07,23,30,starter,11,118.07,1416.84,2027-01-30,31,7,13,5,6,13,2,3,0,1,0.4545,1.4,0.2857,0,0,,2026-07-30,8,6.333333333333333,6.333333333333333,true,0,,,213,AsterHoldings 230,Manufacturing,United Kingdom,1-50,outbound,E. Rossi,true,2024-01-31,2,0.333,Self-Serve,Mature,Casual,false,false,false,false,false,false,false,false,false,false,0,Low,
ACC-00289,2026-07-01,2026-07,23,27,starter,9,112.93,1355.16,2027-04-17,31,155,196,7,27,131,6,17,11,44,0.7778,22.14,0.6258,0,0,,2026-07-31,163,155.33333333333334,168.66666666666666,true,0,-0.0491,-0.0791,290,EmberlyDynamics 196,Healthcare,India,201-1000,inbound,F. Tanaka,true,2024-04-17,6,1.0,Self-Serve,Mature,Power,false,false,false,false,false,false,false,false,false,false,0,Low,
ACC-00227,2026-07-01,2026-07,23,33,starter,10,110.84,1330.08,2026-10-20,31,34,42,4,19,38,4,8,2,4,0.4,8.5,0.6471,0,0,,2026-07-31,34,36.666666666666664,33.666666666666664,true,0,0.0,0.0891,111,KestrelPartners 154,Healthcare,Canada,51-200,referral,C. Moreau,true,2023-10-21,4,0.667,Self-Serve,Mature,Engaged,false,false,false,false,false,false,false,false,false,false,0,Low,
ACC-00164,2026-07-01,2026-07,23,38,starter,10,109.11,1309.32,2027-05-22,31,61,87,5,23,74,5,12,3,19,0.5,12.2,0.459,0,0,,2026-07-31,52,53.333333333333336,41.333333333333336,true,0,0.1731,0.2903,325,MeridianLabs 277,Manufacturing,Canada,1000+,inbound,B. Lindqvist,true,2023-05-23,5,0.833,Self-Serve,Mature,Power,false,false,false,false,false,false,false,false,false,false,0,Low,
ACC-00040,2026-07-01,2026-07,23,48,starter,10,107.68,1292.16,2027-07-12,31,15,26,5,11,25,3,6,1,8,0.5,3.0,0.4,0,0,,2026-07-31,24,18.666666666666668,15.0,true,0,-0.375,,376,GraniteHoldings 038,,United Kingdom,1-50,referral,G. Alvarez,true,2022-07-13,3,0.5,Self-Serve,Mature,Engaged,false,false,false,false,false,false,false,false,false,false,0,Low,
ACC-00019,2026-07-01,2026-07,23,51,starter,9,107.3,1287.6,2027-04-25,31,23,38,3,13,33,3,7,0,9,0.3333,7.67,0.4783,0,0,,2026-07-30,20,20.333333333333332,12.666666666666666,true,0,0.15,,298,RiverstoneWorks 153,Financial Services,Australia,1000+,outbound,E. Rossi,true,2022-04-26,3,0.5,Self-Serve,Mature,Engaged,false,false,false,false,false,false,false,false,false,false,0,Low,
ACC-00309,2026-07-01,2026-07,23,25,starter,10,107.14,1285.68,2027-06-24,31,209,296,7,29,186,6,17,20,53,0.7,29.86,0.4593,0,0,,2026-07-31,266,219.33333333333334,193.0,true,0,-0.2143,0.1364,358,WillowSystems 303,Retail,Canada,51-200,outbound,D. Sharma,true,2024-06-24,6,1.0,Self-Serve,Mature,Power,false,false,false,false,false,false,false,false,false,false,0,Low,
ACC-00146,2026-07-01,2026-07,23,39,starter,9,104.91,1258.92,2027-04-19,31,47,69,4,24,59,5,14,5,9,0.4444,11.75,0.3617,0,0,,2026-07-31,37,42.0,40.0,true,0,0.2703,0.05,292,CedarTechnologies 115,Professional Services,India,1000+,inbound,G. Alvarez,true,2023-04-20,5,0.833,Self-Serve,Mature,Engaged,false,false,false,false,false,false,false,false,false,false,0,Low,
ACC-00115,2026-07-01,2026-07,23,42,starter,10,103.62,1243.44,2027-01-01,31,47,59,7,24,58,2,4,0,6,0.7,6.71,0.3191,1,0,,2026-07-31,36,37.666666666666664,32.666666666666664,true,0,0.3056,0.1531,184,SolsticeLabs 085,Professional Services,United States,201-1000,referral,B. Lindqvist,true,2023-01-02,2,0.333,Self-Serve,Mature,Power,false,false,false,false,false,false,false,false,false,false,0,Low,
ACC-00033,2026-07-01,2026-07,23,49,starter,9,100.5,1206.0,2027-06-20,31,16,23,5,13,23,3,6,4,6,0.5556,3.2,0.375,1,0,,2026-07-28,14,14.666666666666666,10.333333333333334,true,0,,,354,CorvusHoldings 146,Education,United Kingdom,51-200,inbound,C. Moreau,true,2022-06-21,3,0.5,Self-Serve,Mature,Power,false,false,false,false,false,false,false,false,false,false,0,Low,
ACC-00444,2026-07-01,2026-07,23,15,starter,8,97.63,1171.56,2027-04-24,31,19,24,3,12,23,3,6,2,12,0.375,6.33,0.6316,0,0,,2026-07-31,10,14.333333333333334,17.0,true,0,,,297,WillowIndustries 413,Non-profit,Australia,51-200,self_serve,B. Lindqvist,true,2025-04-24,3,0.5,Self-Serve,Established,Engaged,false,false,false,false,false,false,false,false,false,false,0,Low,
ACC-00148,2026-07-01,2026-07,23,39,starter,9,97.09,1165.08,2027-04-23,31,6,7,3,6,7,3,3,1,0,0.3333,2.0,0.6667,1,1,,2026-07-24,7,5.0,5.666666666666667,true,0,,,296,SummitCollective 180,Technology,United Kingdom,1-50,referral,A. Okafor,true,2023-04-24,3,0.5,Self-Serve,Mature,Casual,false,false,false,false,false,false,false,false,false,false,0,Low,
ACC-00221,2026-07-01,2026-07,23,33,starter,8,94.25,1131.0,2026-10-09,31,8,12,3,7,11,2,3,0,3,0.375,2.67,0.625,1,1,,2026-07-30,8,8.0,11.666666666666666,true,0,,,100,VertexPartners 226,Financial Services,United States,51-200,inbound,E. Rossi,true,2023-10-10,2,0.333,Self-Serve,Mature,Casual,false,false,false,false,false,false,false,false,false,false,0,Low,
ACC-00410,2026-07-01,2026-07,23,17,starter,8,93.14,1117.68,2027-02-22,31,42,55,8,22,50,4,9,1,12,1.0,5.25,0.5238,1,1,,2026-07-31,60,50.0,50.666666666666664,true,0,-0.3,-0.0132,236,VertexGroup 380,Healthcare,United Kingdom,1-50,self_serve,H. Nowak,true,2025-02-22,4,0.667,Self-Serve,Established,Power,false,false,false,false,false,false,false,false,false,false,0,Low,
ACC-00395,2026-07-01,2026-07,23,18,starter,9,92.58,1110.96,2027-01-26,31,55,73,7,24,62,6,15,10,15,0.7778,7.86,0.5273,0,0,,2026-07-31,67,51.0,57.333333333333336,true,0,-0.1791,-0.1105,209,CedarTechnologies 379,Financial Services,India,1-50,outbound,B. Lindqvist,true,2025-01-26,6,1.0,Self-Serve,Established,Power,false,false,false,false,false,false,false,false,false,false,0,Low,
ACC-00296,2026-07-01,2026-07,23,26,starter,8,86.23,1034.76,2027-05-04,31,16,23,4,11,20,3,6,2,4,0.5,4.0,0.5625,0,0,,2026-07-31,17,14.0,17.0,true,0,,,307,NorthWorks 045,Retail,India,1-50,self_serve,A. Okafor,true,2024-05-04,3,0.5,Self-Serve,Mature,Engaged,false,false,false,false,false,false,false,false,false,false,0,Low,
ACC-00498,2026-07-01,2026-07,23,7,starter,7,84.35,1012.2,2026-12-16,31,63,82,6,24,65,6,16,7,16,0.8571,10.5,0.7937,1,0,,2026-07-31,78,67.33333333333333,58.333333333333336,true,0,-0.1923,0.1543,168,KestrelGroup 440,Technology,Canada,1-50,inbound,H. Nowak,true,2025-12-16,6,1.0,Self-Serve,Establishing,Power,false,false,false,false,false,false,false,false,false,false,0,Low,
ACC-00487,2026-07-01,2026-07,23,9,starter,7,82.33,987.96,2026-10-07,31,36,44,5,17,41,4,9,1,10,0.7143,7.2,0.4722,1,1,,2026-07-31,32,33.333333333333336,30.666666666666668,true,0,0.125,0.087,98,RiverstoneWorks 417,Manufacturing,United States,1000+,self_serve,C. Moreau,true,2025-10-07,4,0.667,Self-Serve,Establishing,Power,false,false,false,false,false,false,false,false,false,false,0,Low,
ACC-00375,2026-07-01,2026-07,23,19,starter,7,80.97,971.64,2026-12-07,31,83,101,4,26,84,6,17,7,31,0.5714,20.75,0.6024,1,0,,2026-07-31,74,71.0,89.0,true,0,0.1216,-0.2022,159,WillowAnalytics 479,Manufacturing,United Kingdom,1-50,referral,G. Alvarez,true,2024-12-07,6,1.0,Self-Serve,Established,Power,false,false,false,false,false,false,false,false,false,false,0,Low,
ACC-00454,2026-07-01,2026-07,23,14,starter,7,79.0,948.0,2027-05-07,31,25,37,3,18,33,4,8,2,2,0.4286,8.33,0.6,2,1,,2026-07-31,15,21.666666666666668,14.333333333333334,true,0,,,310,LumenDynamics 316,,India,201-1000,self_serve,B. Lindqvist,true,2025-05-07,4,0.667,Self-Serve,Established,Engaged,false,false,false,false,false,false,false,false,false,false,0,Low,
ACC-00400,2026-07-01,2026-07,23,17,starter,6,66.82,801.84,2027-02-02,31,46,67,4,24,52,5,11,4,8,0.6667,11.5,0.7391,2,0,,2026-07-31,18,29.0,22.666666666666668,true,0,,0.2794,216,SolsticeTechnologies 415,Financial Services,United States,51-200,self_serve,C. Moreau,true,2025-02-02,5,0.833,Self-Serve,Established,Power,false,false,false,false,false,false,false,false,false,false,0,Low,
ACC-00341,2026-07-01,2026-07,23,21,starter,6,62.03,744.36,2026-10-15,31,9,20,2,8,20,3,4,3,3,0.3333,4.5,0.7778,1,1,,2026-07-31,16,13.333333333333334,14.666666666666666,true,0,,,106,GraniteCollective 456,Professional Services,United States,1-50,inbound,E. Rossi,true,2024-10-15,3,0.5,Self-Serve,Established,Engaged,false,false,false,false,false,false,false,false,false,false,0,Low,
ACC-00279,2026-07-01,2026-07,23,27,starter,5,61.85,742.2,2027-04-01,31,42,55,3,22,48,5,12,9,8,0.6,14.0,0.5952,0,0,,2026-07-31,60,43.0,39.333333333333336,true,0,-0.3,0.0932,274,WillowSystems 171,Financial Services,Germany,1-50,partner,G. Alvarez,true,2024-04-01,5,0.833,Self-Serve,Mature,Power,false,false,false,false,false,false,false,false,false,false,0,Low,
ACC-00435,2026-07-01,2026-07,23,15,starter,5,59.19,710.28,2027-04-02,31,92,143,4,27,112,6,17,14,32,0.8,23.0,0.3696,0,0,,2026-07-31,86,96.33333333333333,89.0,true,0,0.0698,0.0824,275,HarborSystems 315,Education,United States,1000+,self_serve,B. Lindqvist,true,2025-04-02,6,1.0,Self-Serve,Established,Power,false,false,false,false,false,false,false,false,false,false,0,Low,
ACC-00351,2026-07-01,2026-07,23,21,starter,5,55.82,669.84,2026-10-28,31,40,54,3,20,44,5,10,5,13,0.6,13.33,0.55,1,1,,2026-07-31,32,29.666666666666668,24.333333333333332,true,0,0.25,0.2192,119,BluePartners 442,Professional Services,Germany,1-50,outbound,B. Lindqvist,true,2024-10-28,5,0.833,Self-Serve,Established,Power,false,false,false,false,false,false,false,false,false,false,0,Low,
ACC-00269,2026-07-01,2026-07,23,28,starter,5,53.48,641.76,2027-03-03,31,4,8,2,3,8,3,4,0,2,0.4,2.0,0.5,1,1,,2026-07-30,2,4.333333333333333,5.0,true,0,,,245,RiverstoneLabs 241,Technology,Germany,201-1000,inbound,B. Lindqvist,true,2024-03-03,3,0.5,Self-Serve,Mature,Casual,false,false,false,false,false,false,false,false,false,false,0,Low,
ACC-00430,2026-07-01,2026-07,23,16,starter,4,45.69,548.28,2027-03-28,31,19,47,5,14,44,2,3,8,0,1.25,3.8,0.3684,0,0,,2026-07-31,18,16.666666666666668,13.666666666666666,true,0,,,270,KestrelDynamics 484,Healthcare,United States,201-1000,partner,B. Lindqvist,true,2025-03-28,2,0.333,Self-Serve,Established,Power,false,false,false,false,false,false,false,false,false,false,0,Low,
ACC-00178,2026-07-01,2026-07,23,37,starter,3,30.73,368.76,2027-06-10,31,40,59,4,20,51,5,12,2,9,1.3333,10.0,0.575,1,1,2.0,2026-07-31,20,34.333333333333336,42.333333333333336,true,0,1.0,-0.189,344,IronAnalytics 047,Retail,Australia,1000+,inbound,H. Nowak,true,2023-06-11,5,0.833,Self-Serve,Mature,Power,false,false,false,false,false,false,false,false,false,false,0,Low,
